Advisor ID,Name,Firm Name,Age,Email Address,Advisor ID,City,State,Country,Client Industry,Insert date,Last update date,Maxt activity date,Phone number,Client,Data Hygiene,Lead AM,December,November
SalA001,Vanessa Smith,Norris-Brown,43,coreyharrell@norris-brown.com,SalA001,New Kimberly,South Carolina,Montserrat,Financial Advisor,07-11-2024,09-01-2024,05-01-2025,16546964776,Client,Healthy data,Sales AM 1,Potential Client,Active Client
SalA002,Claudia George,Montgomery-Zimmerman,41,williejohnson@montgomery-zimmerman.com,SalA002,Cooperland,Alabama,Mongolia,RIA,14-04-2024,12-10-2024,05-01-2025,19330448233,Client,Healthy data,Sales AM 1,Active Client,Early Client
SalA003,Warren Mathews,Davis Inc,31,cheryl98@davisinc.com,SalA003,Lake Frederick,Illinois,Chile,Broker Dealer,19-11-2024,11-02-2024,06-01-2025,16431072556,Client,Healthy data,Sales AM 1,Active Client,Active Client
SalA004,Ryan Williams,Warren Group,50,elizabethshaffer@warrengroup.com,SalA004,Phamshire,Maryland,Sri Lanka,Family Office,08-09-2024,11-02-2024,31-12-2024,12932137668,Client,Healthy data,Sales AM 1,Active Client,Active Client
SalA005,Caitlin Davila,Larson Group,31,rhurst@larsongroup.com,SalA005,West Theresafort,Washington,Korea,Financial Advisor,16-04-2024,21-03-2024,06-01-2025,15773858423,Client,Healthy data,Sales AM 1,Active Client,Active Client
SalA006,Danny Knight,"Chambers, Page and Whitaker",41,johnsonmisty@chamberspageandwhitaker.com,SalA006,Jessicaville,North Dakota,Greece,Family Office,27-05-2024,13-06-2024,01-01-2025,,Client,Missing Record,Sales AM 1,Potential Client,Active Client
SalA007,Ashley Smith,Jackson-Charles,33,camachodon@jackson-charles.com,SalA007,Duncanbury,Washington,Comoros,Family Office,23-12-2024,08-11-2024,05-01-2025,16309036673,Client,Healthy data,Sales AM 1,Active Client,Potential Client
SalA008,Kristi Franklin,Baker PLC,48,rogersjennifer@bakerplc.com,SalA008,Russofort,Colorado,Germany,Financial Advisor,27-04-2024,23-02-2024,04-01-2025,,Client,Missing Record,Sales AM 1,Active Client,Active Client
SalA009,Ronald Cruz,"Lee, Shaw and Hall",31,michaelyoung@leeshawandhall.com,SalA009,West Danielleview,North Carolina,Bangladesh,Family Office,01-01-2024,01-09-2024,06-01-2025,14837890900,Client,Healthy data,Sales AM 1,Potential Client,Active Client
SalA010,Sandra Alvarez,Larson Ltd,37,ksummers@larsonltd.com,SalA010,Xavierchester,Louisiana,Cayman Islands,Family Office,29-09-2024,18-06-2024,05-01-2025,17413706557,Client,Healthy data,Sales AM 1,Active Client,Active Client
SalA011,Roy Wilson,Brown Group,30,theresawang@browngroup.com,SalA011,Port Ryan,North Carolina,Liberia,Broker Dealer,06-08-2024,08-06-2024,31-12-2024,10985569562,Prospect,Stale Records,Sales AM 1,Non Supporters,Early Client
SalA012,William Ware,"James, Reyes and Rhodes",38,dawnsmith@jamesreyesandrhodes.com,SalA012,Lake Robertberg,Kansas,Lesotho,Financial Advisor,02-08-2024,12-03-2024,06-01-2025,14322134420,Client,Healthy data,Sales AM 1,Active Client,Active Client
SalA013,Margaret Andersen,May PLC,44,rebecca81@mayplc.com,SalA013,Port Lynnview,Alaska,Kyrgyz Republic,Financial Advisor,06-10-2024,13-08-2024,04-01-2025,,Client,Missing Record,Sales AM 1,Active Client,Active Client
SalA014,Jessica Thomas,Vaughn Inc,36,brianschultz@vaughninc.com,SalA014,Justinburgh,Maine,Chile,Financial Advisor,19-09-2024,10-08-2024,04-01-2025,19436612758,Client,Healthy data,Sales AM 1,Active Client,Active Client
SalA015,Ashley Cameron,"Shaw, Bailey and Smith",37,tinaterry@shawbaileyandsmith.com,SalA015,Howardville,Maine,Vietnam,Broker Dealer,22-03-2024,29-07-2024,03-01-2025,,Former Client,Missing Record,Sales AM 1,Former Client,Potential Client
SalA016,Christopher Davis,Gonzalez-Holland,39,brooksjose@gonzalez-holland.com,SalA016,Leechester,Wisconsin,Nicaragua,Financial Advisor,30-04-2024,28-08-2024,05-01-2025,15436930795,Client,Healthy data,Sales AM 1,Early Client,Active Client
SalA017,Amber Morgan,Ray Ltd,47,mcdonaldashley@rayltd.com,SalA017,South Adam,Wyoming,Saint Vincent and the Grenadines,Institutional Investor,06-09-2024,13-04-2024,05-01-2025,18476809180,Former Client,Healthy data,Sales AM 1,Former Client,Potential Client
SalA018,Dr. Ryan Jenkins Jr.,Parker-Cox,37,victoria57@parker-cox.com,SalA018,Palmertown,Mississippi,Japan,Family Office,12-07-2024,08-06-2024,06-01-2025,17100980245,Client,Healthy data,Sales AM 1,Potential Client,Active Client
SalA019,Linda Mitchell,Powell Inc,31,jacksonjaime@powellinc.com,SalA019,Alexanderburgh,Tennessee,Barbados,Institutional Investor,14-06-2024,15-02-2024,28-12-2024,18403656863,Client,Healthy data,Sales AM 1,Active Client,Potential Client
SalA020,Blake Green,"Farrell, Erickson and Frost",35,walter26@farrellericksonandfrost.com,SalA020,Clintonview,Maine,Ecuador,RIA,02-03-2024,07-11-2024,02-01-2025,,Prospect,Missing Record,Sales AM 1,Non Supporters,Early Client
SalA021,Courtney Dickerson,Johnson-Sosa,32,travis03@johnson-sosa.com,SalA021,Port Carol,Idaho,Bhutan,Family Office,06-04-2024,30-05-2024,04-01-2025,,Client,Missing Record,Sales AM 1,Active Client,Active Client
SalA022,William Meyer,Lee-Lyons,31,maciasoscar@lee-lyons.com,SalA022,Port Matthew,Oregon,Liechtenstein,RIA,31-01-2024,22-11-2024,06-01-2025,19458196466,Client,Healthy data,Sales AM 1,Active Client,Active Client
SalA023,Leah Benson,"Parsons, Carlson and York",36,brandontran@parsonscarlsonandyork.com,SalA023,New Jessica,Kentucky,Cambodia,Broker Dealer,24-11-2024,21-01-2024,14-12-2024,,Former Client,Missing Record,Sales AM 1,Former Client,Potential Client
SalA024,Holly Morris,"Benjamin, Lyons and Simon",30,colemandaniel@benjaminlyonsandsimon.com,SalA024,Briannamouth,Arizona,Dominican Republic,Broker Dealer,17-03-2024,28-01-2024,05-01-2025,19918470772,Client,Healthy data,Sales AM 1,Active Client,Active Client
SalA025,Michelle Mccarthy,Brown-Rodriguez,41,millersarah@brown-rodriguez.com,SalA025,Lake Kayla,New York,Ghana,Broker Dealer,29-03-2024,17-05-2024,05-01-2025,18381575370,Client,Healthy data,Sales AM 1,Active Client,Active Client
SalA026,Brittany Howard,Armstrong PLC,31,ruth02@armstrongplc.com,SalA026,Angelaside,Missouri,Vietnam,Broker Dealer,04-10-2024,24-04-2024,03-01-2025,,Client,Missing Record,Sales AM 1,Active Client,Potential Client
SalA027,Claudia Davis,Graves-Chapman,43,dconner@graves-chapman.com,SalA027,Justinbury,Maine,Saudi Arabia,Broker Dealer,11-09-2024,03-05-2024,06-01-2025,16043955559,Client,Healthy data,Sales AM 1,Active Client,Active Client
SalA028,Andrew Crane,Becker-Phillips,45,shannon61@becker-phillips.com,SalA028,Karentown,Mississippi,India,RIA,22-02-2024,27-06-2024,02-01-2025,18235712598,Client,Healthy data,Sales AM 1,Active Client,Active Client
SalA029,Karen Barnes,Jackson-Pope,38,josephdavila@jackson-pope.com,SalA029,Morganland,Oregon,Libyan Arab Jamahiriya,Broker Dealer,15-06-2024,03-06-2024,04-01-2025,10633772337,Client,Healthy data,Sales AM 1,Active Client,Potential Client
SalA030,Hannah Norris,"Miller, Diaz and Contreras",45,sandy78@millerdiazandcontreras.com,SalA030,New Matthew,South Carolina,Canada,Institutional Investor,25-01-2024,21-12-2024,04-01-2025,,Client,Missing Record,Sales AM 1,Active Client,Potential Client
SalA031,Erica Davis,"Atkinson, Wright and Brown",36,peter01@atkinsonwrightandbrown.com,SalA031,Woodsfort,Ohio,Costa Rica,Institutional Investor,12-05-2024,19-06-2024,04-01-2025,17855277022,Client,Healthy data,Sales AM 1,Active Client,Potential Client
SalA032,Connie Lindsey,"Harrington, Banks and Hill",43,eanderson@harringtonbanksandhill.com,SalA032,Lake Larry,Montana,Algeria,Financial Advisor,29-10-2024,24-10-2024,31-12-2024,16400570839,Client,Healthy data,Sales AM 1,Active Client,Potential Client
SalA033,Joseph Duran,Larson and Sons,30,sburnett@larsonandsons.com,SalA033,Port Susan,Florida,Burundi,Institutional Investor,23-12-2024,31-10-2024,05-01-2025,14649912505,Client,Healthy data,Sales AM 1,Active Client,Active Client
SalA034,Laura Key,Brown-Watson,43,michael64@brown-watson.com,SalA034,Lake Tammy,Nevada,Lithuania,RIA,09-03-2024,28-12-2024,01-01-2025,14736992254,Client,Healthy data,Sales AM 1,Active Client,Active Client
SalA035,Timothy Gonzalez,Ward PLC,47,evanslindsay@wardplc.com,SalA035,Donnashire,New York,Cocos (Keeling) Islands,Institutional Investor,11-10-2024,12-09-2024,02-01-2025,13691848562,Client,Healthy data,Sales AM 1,Active Client,Active Client
SalA036,Lawrence Stanley,Carson and Sons,44,mathismisty@carsonandsons.com,SalA036,New Larry,West Virginia,Iceland,Family Office,10-09-2024,19-07-2024,02-01-2025,12151896794,Client,Healthy data,Sales AM 1,Potential Client,Active Client
SalA037,Kimberly Olsen,"Smith, Smith and Griffin",38,wilkersongregory@smithsmithandgriffin.com,SalA037,East Chelsea,North Dakota,Mexico,Institutional Investor,17-10-2024,11-08-2024,03-01-2025,,Former Client,Missing Record,Sales AM 1,Former Client,Potential Client
SalA038,Ashley Velez,Adams-Wagner,34,bakerian@adams-wagner.com,SalA038,Lake Amanda,Oregon,Canada,RIA,26-11-2024,16-04-2024,06-01-2025,13863939369,Client,Healthy data,Sales AM 1,Active Client,Early Client
SalA039,David Martinez,Jordan Ltd,43,banderson@jordanltd.com,SalA039,Port Daniel,Michigan,Kiribati,Institutional Investor,27-07-2024,20-06-2024,04-01-2025,,Client,Missing Record,Sales AM 1,Active Client,Active Client
SalA040,Linda Rodgers,Williams-Cummings,45,robert77@williams-cummings.com,SalA040,Palmerside,Indiana,South Georgia and the South Sandwich Islands,Family Office,12-01-2024,18-11-2024,31-12-2024,11145552378,Client,Healthy data,Sales AM 1,Active Client,Active Client
SalA041,Molly Smith,Hodge-Schmidt,46,michellewilliams@hodge-schmidt.com,SalA041,Duartemouth,Illinois,Micronesia,Family Office,30-05-2024,20-06-2024,05-01-2025,19897490267,Client,Healthy data,Sales AM 1,Active Client,Active Client
SalA042,Joseph Tran,Adams PLC,36,ebonybentley@adamsplc.com,SalA042,East Matthewbury,New Hampshire,Greece,Broker Dealer,22-06-2024,28-01-2024,03-01-2025,11377090281,Client,Healthy data,Sales AM 1,Active Client,Active Client
SalA043,Terri Berry,Simpson PLC,41,deanmckenzie@simpsonplc.com,SalA043,Jonesview,Ohio,Germany,Broker Dealer,12-09-2024,22-12-2024,29-12-2024,12822750907,Client,Healthy data,Sales AM 1,Active Client,Active Client
SalA044,Ashley Leonard,Nixon Group,42,afowler@nixongroup.com,SalA044,West Kevinhaven,Michigan,Equatorial Guinea,Family Office,31-08-2024,24-09-2024,31-12-2024,17164101209,Client,Healthy data,Sales AM 1,Active Client,Active Client
SalA045,Casey Mendoza,Harding-Lee,35,david71@harding-lee.com,SalA045,South Michaelville,Missouri,British Indian Ocean Territory (Chagos Archipelago),RIA,27-10-2024,02-11-2024,01-01-2025,10004014441,Former Client,Healthy data,Sales AM 1,Former Client,Potential Client
SalA046,Paul Schwartz,Hill and Sons,43,wdelacruz@hillandsons.com,SalA046,Wilsonland,Florida,Colombia,Family Office,19-04-2024,05-04-2024,28-12-2024,10591633721,Client,Healthy data,Sales AM 1,Active Client,Potential Client
SalA047,Lauren Smith,"Garcia, Hayes and Baker",37,greeramy@garciahayesandbaker.com,SalA047,Davidside,New Jersey,Korea,Family Office,20-09-2024,24-11-2024,03-01-2025,16168861328,Client,Healthy data,Sales AM 1,Active Client,Active Client
SalA048,Mitchell Lee,Ellis Ltd,47,lawrencelittle@ellisltd.com,SalA048,East Timothy,Kentucky,American Samoa,Family Office,07-12-2024,30-04-2024,06-01-2025,12698944676,Prospect,Stale Records,Sales AM 1,Non Supporters,Early Client
SalA049,John Thompson,Smith Inc,35,stephenvazquez@smithinc.com,SalA049,Garciabury,Pennsylvania,Uruguay,Broker Dealer,08-08-2024,14-08-2024,02-01-2025,14598084463,Client,Healthy data,Sales AM 1,Potential Client,Active Client
SalA050,Jonathan Huynh,Clark-Cox,38,kenneth60@clark-cox.com,SalA050,Spencerview,Wyoming,Belize,Family Office,26-03-2024,27-11-2024,06-01-2025,15880188249,Client,Healthy data,Sales AM 1,Active Client,Active Client
SalA051,Ryan Reynolds,Crawford Group,49,john54@crawfordgroup.com,SalA051,Deborahmouth,Virginia,Indonesia,Institutional Investor,16-11-2024,11-05-2024,06-01-2025,16908179186,Client,Healthy data,Sales AM 1,Active Client,Active Client
SalA052,Taylor Baxter,Evans-Mullins,39,sfletcher@evans-mullins.com,SalA052,Port Miketon,Texas,Slovakia (Slovak Republic),Financial Advisor,08-08-2024,10-09-2024,03-01-2025,10723403022,Client,Healthy data,Sales AM 1,Active Client,Active Client
SalA053,Debra White,Curtis Ltd,32,omunoz@curtisltd.com,SalA053,Katherineside,South Carolina,Nauru,Financial Advisor,28-03-2024,03-07-2024,03-01-2025,19069987219,Client,Healthy data,Sales AM 1,Active Client,Active Client
SalA054,Monica Robinson,"Hopkins, Porter and Jimenez",32,adamsmarie@hopkinsporterandjimenez.com,SalA054,North Morganfort,Florida,Kazakhstan,Family Office,17-04-2024,09-06-2024,03-01-2025,18728480550,Client,Healthy data,Sales AM 1,Potential Client,Potential Client
SalA055,Antonio Curtis,King-Peterson,44,cooperthomas@king-peterson.com,SalA055,Jacksontown,New Mexico,Botswana,RIA,31-10-2024,06-10-2024,30-12-2024,18089039003,Client,Healthy data,Sales AM 1,Active Client,Early Client
SalA056,Jacob Martinez,Reyes and Sons,46,tammy97@reyesandsons.com,SalA056,Huntermouth,Colorado,Macao,RIA,02-06-2024,28-03-2024,30-12-2024,16112382540,Client,Healthy data,Sales AM 1,Potential Client,Active Client
SalA057,Amanda Snyder,Rodriguez Ltd,36,joneskaren@rodriguezltd.com,SalA057,West Charleschester,Connecticut,Tokelau,Financial Advisor,12-04-2024,03-08-2024,31-12-2024,16293507575,Former Client,Healthy data,Sales AM 1,Former Client,Potential Client
SalA058,Barbara Castro,"Carlson, Allen and Jackson",46,russelllinda@carlsonallenandjackson.com,SalA058,Jessestad,Michigan,Cote d'Ivoire,RIA,25-06-2024,03-10-2024,02-01-2025,18489112348,Client,Healthy data,Sales AM 1,Active Client,Active Client
SalA059,Carla Stephens,Dean LLC,43,marcusmay@deanllc.com,SalA059,Annachester,Arizona,Algeria,Institutional Investor,05-08-2024,07-08-2024,18-12-2024,17376626392,Client,Healthy data,Sales AM 1,Active Client,Active Client
SalA060,John Castillo,"Evans, Howell and Young",33,meganvaldez@evanshowellandyoung.com,SalA060,Kennethmouth,Maine,Brazil,Financial Advisor,14-01-2024,13-11-2024,21-12-2024,15476214502,Client,Healthy data,Sales AM 1,Active Client,Active Client
SalA061,Jason Hill,Bennett-Sullivan,33,vgordon@bennett-sullivan.com,SalA061,East Susan,Indiana,Antarctica (the territory South of 60 deg S),Financial Advisor,26-02-2024,28-08-2024,30-12-2024,12212718689,Client,Healthy data,Sales AM 1,Active Client,Early Client
SalA062,Allison Walters,Lyons Group,30,christopher73@lyonsgroup.com,SalA062,North Matthewside,Utah,Sweden,Broker Dealer,04-02-2024,25-01-2024,17-12-2024,17725523687,Client,Healthy data,Sales AM 1,Active Client,Active Client
SalA063,Randy Mccullough,"Black, Wells and Walker",42,kaitlynblankenship@blackwellsandwalker.com,SalA063,Kathrynmouth,Arkansas,Germany,Family Office,29-02-2024,05-07-2024,26-12-2024,19023919121,Former Client,Healthy data,Sales AM 1,Former Client,Potential Client
SalA064,Amy Johnson,Lee Inc,43,bhines@leeinc.com,SalA064,Matthewsshire,Michigan,Aruba,RIA,27-06-2024,04-10-2024,31-12-2024,12677175048,Client,Healthy data,Sales AM 1,Active Client,Active Client
SalA065,Henry Doyle,Mccann-Johnson,34,rflores@mccann-johnson.com,SalA065,New Ashley,Wyoming,Germany,Institutional Investor,09-04-2024,31-01-2024,01-01-2025,18475816261,Client,Healthy data,Sales AM 1,Potential Client,Active Client
SalA066,Beth Bridges,"Webb, Powell and Tucker",50,jody98@webbpowellandtucker.com,SalA066,Rachelfort,Wyoming,Andorra,Broker Dealer,08-09-2024,11-04-2024,25-12-2024,13717173118,Client,Healthy data,Sales AM 1,Active Client,Active Client
SalA067,Russell Thomas,"Carney, Spencer and Santos",45,mary27@carneyspencerandsantos.com,SalA067,Lake Lisashire,Alabama,Austria,Institutional Investor,25-11-2024,26-06-2024,29-12-2024,10689454861,Client,Healthy data,Sales AM 1,Active Client,Active Client
SalA068,John Ellis,"Gibson, Welch and Taylor",49,williamshelton@gibsonwelchandtaylor.com,SalA068,Shepardton,Massachusetts,Montenegro,RIA,02-12-2024,28-08-2024,06-12-2024,13601691013,Client,Healthy data,Sales AM 1,Potential Client,Potential Client
SalA069,Stephen Smith,Hanna-Sloan,50,qwall@hanna-sloan.com,SalA069,North Nicholasmouth,Hawaii,Japan,Institutional Investor,26-08-2024,24-05-2024,02-01-2025,12216042371,Client,Healthy data,Sales AM 1,Active Client,Active Client
SalA070,Tammy Buchanan,Moore and Sons,31,kayla73@mooreandsons.com,SalA070,West Mariastad,Georgia,Bangladesh,Broker Dealer,29-04-2024,21-08-2024,18-12-2024,13533391065,Client,Healthy data,Sales AM 1,Active Client,Active Client
SalA071,Nicole Anderson,Lee-Anderson,37,morrispamela@lee-anderson.com,SalA071,East Elizabethtown,Utah,Kiribati,Broker Dealer,06-05-2024,13-02-2024,26-12-2024,14090609703,Client,Healthy data,Sales AM 1,Active Client,Active Client
SalA072,Ethan Weeks,Williams-Fleming,31,fvega@williams-fleming.com,SalA072,West Jameshaven,Iowa,Paraguay,Family Office,04-10-2024,19-09-2024,05-01-2025,17360360056,Former Client,Healthy data,Sales AM 1,Former Client,Potential Client
SalA073,Michael Wang,"Hood, Harrison and Blackwell",38,kevin02@hoodharrisonandblackwell.com,SalA073,Mariafort,Tennessee,Liechtenstein,Financial Advisor,01-04-2024,20-12-2024,29-12-2024,18137217328,Former Client,Healthy data,Sales AM 1,Former Client,Potential Client
SalA074,Russell Patterson,"Sullivan, Khan and Jacobs",49,scarr@sullivankhanandjacobs.com,SalA074,North Jennifermouth,Nevada,Turkey,RIA,28-05-2024,29-09-2024,29-12-2024,18686170043,Client,Healthy data,Sales AM 1,Active Client,Active Client
SalA075,Hector Nelson,Walsh-Pruitt,48,moorekevin@walsh-pruitt.com,SalA075,Malonemouth,Utah,Chile,RIA,10-05-2024,06-03-2024,06-01-2025,14897323129,Prospect,Stale Records,Sales AM 1,Non Supporters,Early Client
SalA076,David Green,Keith-Sims,35,fbrown@keith-sims.com,SalA076,Markfort,New York,Netherlands Antilles,Institutional Investor,14-08-2024,08-08-2024,03-01-2025,16468378224,Prospect,Stale Records,Sales AM 1,Non Supporters,Early Client
SalA077,Donald Hodges,Rogers Group,48,michaelbriggs@rogersgroup.com,SalA077,Natalieborough,Virginia,Eritrea,Institutional Investor,26-03-2024,29-07-2024,12-12-2024,13510859131,Client,Healthy data,Sales AM 1,Potential Client,Active Client
SalA078,Ashley Elliott,Morris Inc,37,ysingh@morrisinc.com,SalA078,East Perry,Delaware,Belgium,Family Office,30-01-2024,12-05-2024,24-12-2024,16845531836,Former Client,Healthy data,Sales AM 1,Former Client,Early Client
SalA079,April Brown,Hopkins-Burgess,42,erikathompson@hopkins-burgess.com,SalA079,Oliverchester,Missouri,Czech Republic,Broker Dealer,08-01-2024,25-04-2024,04-01-2025,15961344146,Former Client,Healthy data,Sales AM 1,Former Client,Potential Client
SalA080,Alexis Leonard,"Hill, Bates and Kelly",39,hhatfield@hillbatesandkelly.com,SalA080,Brownshire,Utah,Switzerland,Financial Advisor,29-10-2024,11-09-2024,02-01-2025,11807069477,Client,Healthy data,Sales AM 1,Potential Client,Active Client
SalA081,Theresa Cummings,Martin LLC,45,caseydavid@martinllc.com,SalA081,East Melissafort,Washington,Madagascar,Financial Advisor,30-12-2024,16-09-2024,02-01-2025,13695996863,Client,Healthy data,Sales AM 1,Active Client,Active Client
SalA082,Karen Wyatt,"Riggs, Smith and Jones",31,austin15@riggssmithandjones.com,SalA082,South Katieberg,Missouri,Turkey,RIA,24-04-2024,29-03-2024,29-12-2024,,Prospect,Missing Record,Sales AM 1,Non Supporters,Early Client
SalA083,Justin Murray,"Nguyen, Clark and Williams",42,penningtontristan@nguyenclarkandwilliams.com,SalA083,South Jamesstad,Indiana,Central African Republic,Institutional Investor,05-01-2024,10-05-2024,26-12-2024,10408414382,Prospect,Stale Records,Sales AM 1,Non Supporters,Non Supporters
SalA084,Beverly Lynch,"Scott, Grimes and Soto",48,kimberly72@scottgrimesandsoto.com,SalA084,West Jesse,Indiana,Niue,Broker Dealer,03-05-2024,02-05-2024,29-12-2024,15754987369,Former Client,Healthy data,Sales AM 1,Former Client,Potential Client
SalA085,Stephanie Garcia,Williams-Austin,37,amanda01@williams-austin.com,SalA085,Jamiemouth,Hawaii,United Kingdom,RIA,20-04-2024,27-08-2024,28-12-2024,,Former Client,Missing Record,Sales AM 1,Former Client,Potential Client
SalA086,Phyllis Osborne MD,Martinez PLC,43,xjones@martinezplc.com,SalA086,Greentown,Arizona,Somalia,Financial Advisor,15-09-2024,19-05-2024,04-01-2025,13304336663,Client,Healthy data,Sales AM 1,Active Client,Active Client
SalA087,Matthew Armstrong,Gould-Brown,33,nguyenjames@gould-brown.com,SalA087,Christopherchester,Vermont,Tajikistan,Institutional Investor,09-06-2024,27-09-2024,,18055192713,Prospect,Stale Records,Sales AM 1,Non Supporters,Non Supporters
SalA088,Gerald Brown,"Richmond, Owens and Romero",38,cameronthomas@richmondowensandromero.com,SalA088,Herreraville,Minnesota,Czech Republic,Broker Dealer,03-06-2024,21-07-2024,,18844223357,Prospect,Stale Records,Sales AM 1,Non Supporters,Non Supporters
SalA089,Shannon Osborn,Henderson Inc,49,osmith@hendersoninc.com,SalA089,Claudiaburgh,Florida,Niger,Institutional Investor,10-01-2024,28-09-2024,04-01-2025,11996635311,Client,Healthy data,Sales AM 1,Potential Client,Active Client
SalA090,Scott Watkins,Savage-Calhoun,50,jcook@savage-calhoun.com,SalA090,Christopherborough,Virginia,Heard Island and McDonald Islands,Institutional Investor,26-06-2024,23-01-2024,04-01-2025,15647919898,Prospect,Stale Records,Sales AM 1,Non Supporters,Non Supporters
SalA091,Brandon Craig,Brown-Richardson,48,,SalA091,New Carolynberg,Louisiana,Monaco,Family Office,09-01-2024,22-09-2024,31-12-2024,11648940405,Prospect,Missing Record,Sales AM 1,Non Supporters,Non Supporters
SalA092,Lisa Larson,"Bullock, Burns and Stevens",49,stewartamanda@bullockburnsandstevens.com,SalA092,West Amanda,Massachusetts,Nigeria,RIA,30-07-2024,29-05-2024,17-12-2024,19023217938,Former Client,Healthy data,Sales AM 1,Former Client,Early Client
SalA093,Christopher Fernandez,"Jones, Evans and Allen",49,,SalA093,Jacobsmouth,Oregon,Albania,RIA,23-11-2024,26-09-2024,18-12-2024,19322483745,Prospect,Missing Record,Sales AM 1,Non Supporters,Non Supporters
SalA094,Harry Weber,"Ferguson, Moore and Walker",37,,SalA094,Reyesmouth,Florida,Sri Lanka,Financial Advisor,18-01-2024,03-11-2024,23-11-2024,16335139574,Prospect,Missing Record,Sales AM 1,Non Supporters,Non Supporters
SalA095,Diane Oliver,"James, Miller and Pineda",36,alicia78@jamesmillerandpineda.com,SalA095,Shellyhaven,North Dakota,Tunisia,Institutional Investor,05-08-2024,21-10-2024,,19976571605,Former Client,Healthy data,Sales AM 1,Former Client,Potential Client
SalA096,Timothy Nielsen,Nunez-Nguyen,36,kyoung@nunez-nguyen.com,SalA096,Port Rebeccatown,Nevada,Namibia,Family Office,08-06-2024,19-02-2024,,16195384079,Former Client,Healthy data,Sales AM 1,Former Client,Early Client
SalA097,Kenneth Hopkins,Woods LLC,39,,SalA097,Guerraland,Texas,Croatia,Family Office,02-09-2024,28-06-2024,,16187675765,Prospect,Stale Records,Sales AM 1,Non Supporters,Non Supporters
SalA098,Cathy West,"Martin, Carney and Tate",44,,SalA098,Lake Carolineland,Utah,Nepal,Broker Dealer,12-06-2024,16-06-2024,,11776106788,Prospect,Stale Records,Sales AM 1,Non Supporters,Non Supporters
SalA099,Randy Rogers,Lee LLC,48,catherinewilliams@leellc.com,SalA099,New Andrewburgh,Louisiana,Northern Mariana Islands,Financial Advisor,07-11-2024,09-01-2024,05-01-2025,16546964776,Former Client,,Sales AM 2,Potential Client,Potential Client
SalA100,Adrian Douglas,"Campbell, Hill and Parrish",47,christina05@campbellhillandparrish.com,SalA100,Samuelstad,Mississippi,Tuvalu,Institutional Investor,14-04-2024,12-10-2024,05-01-2025,19330448233,Client,,Sales AM 2,Non Supporters,Potential Client
SalA101,Omar Lamb,Hill-Williams,42,zcampbell@hill-williams.com,SalA101,Christopherfort,Virginia,Samoa,Family Office,08-09-2024,11-02-2024,31-12-2024,12932137668,Former Client,,Sales AM 2,Non Supporters,Active Client
SalA102,Alexis Jacobson,Jackson-Sanchez,37,duane85@jackson-sanchez.com,SalA102,South Anaside,New Hampshire,Kyrgyz Republic,Broker Dealer,16-04-2024,21-03-2024,06-01-2025,15773858423,Client,,Sales AM 2,Non Supporters,Potential Client
SalA103,Brian Horton,Caldwell-Salinas,33,hubbardtyler@caldwell-salinas.com,SalA103,Brendaborough,Florida,Lao People's Democratic Republic,Institutional Investor,27-05-2024,13-06-2024,01-01-2025,11710515114,Prospect,,Sales AM 2,Non Supporters,Non Supporters
SalA104,David Williams,Long-Molina,45,bradcurtis@long-molina.com,SalA104,Alanland,Oregon,Cambodia,Broker Dealer,23-12-2024,08-11-2024,05-01-2025,16309036673,Former Client,,Sales AM 2,Non Supporters,Active Client
SalA105,Marissa Hampton,Murray-Kirk,45,joshuapark@murray-kirk.com,SalA105,East Samantha,Maine,Cyprus,Financial Advisor,27-04-2024,23-02-2024,04-01-2025,12745942105,Former Client,,Sales AM 2,Non Supporters,Active Client
SalA106,Tiffany Watson,"Lopez, Moore and Williamson",49,scottjoyce@lopezmooreandwilliamson.com,SalA106,West Catherine,California,Guam,Broker Dealer,01-01-2024,01-09-2024,06-01-2025,14837890900,Former Client,,Sales AM 2,Potential Client,Potential Client
SalA107,Jennifer Lopez,Nash PLC,38,nicholsonapril@nashplc.com,SalA107,Shelbyshire,New Jersey,Reunion,Family Office,29-09-2024,18-06-2024,05-01-2025,17413706557,Former Client,,Sales AM 2,Non Supporters,Active Client
SalA108,Richard Levine,Cortez-Howell,38,aaron93@cortez-howell.com,SalA108,North Christine,Ohio,Greenland,RIA,06-08-2024,08-06-2024,31-12-2024,10985569562,Prospect,,Sales AM 2,Non Supporters,Non Supporters
SalA109,Emily Larson,"Dunn, Villarreal and Castro",45,emilyrobinson@dunnvillarrealandcastro.com,SalA109,Howardberg,Alabama,Palau,Broker Dealer,02-08-2024,12-03-2024,06-01-2025,14322134420,Client,,Sales AM 2,Non Supporters,Potential Client
SalA110,Paul Barnes,Ryan-Rivera,45,josephleach@ryan-rivera.com,SalA110,West Melissa,California,Cocos (Keeling) Islands,Family Office,06-10-2024,13-08-2024,04-01-2025,10859579205,Prospect,,Sales AM 2,Non Supporters,Non Supporters
SalA111,Lauren Mullins,Jones Group,31,jennifer85@jonesgroup.com,SalA111,Claytonland,Kansas,Isle of Man,Financial Advisor,19-09-2024,10-08-2024,04-01-2025,19436612758,Former Client,,Sales AM 2,Non Supporters,Active Client
SalA112,Rachel Knight,"Richards, Brooks and Marshall",45,linelizabeth@richardsbrooksandmarshall.com,SalA112,South Richard,New Jersey,Tanzania,Broker Dealer,22-03-2024,29-07-2024,03-01-2025,19629263835,Former Client,,Sales AM 2,Non Supporters,Non Supporters
SalA113,Becky Mendez,"Cook, Howard and Randall",37,colemanivan@cookhowardandrandall.com,SalA113,Danside,Indiana,Anguilla,Institutional Investor,30-04-2024,28-08-2024,05-01-2025,15436930795,Prospect,,Sales AM 2,Non Supporters,Non Supporters
SalA114,Casey Ramirez,Ingram Inc,40,ykim@ingraminc.com,SalA114,New Paulton,Mississippi,United States Virgin Islands,Broker Dealer,06-09-2024,13-04-2024,05-01-2025,18476809180,Client,,Sales AM 2,Early Client,Early Client
SalA115,Brandon Hall,Gibbs Ltd,40,janet96@gibbsltd.com,SalA115,South Hayley,Nebraska,Afghanistan,Broker Dealer,12-07-2024,08-06-2024,06-01-2025,17100980245,Former Client,,Sales AM 2,Potential Client,Potential Client
SalA116,Mr. Arthur Gomez,"Moore, James and Green",38,emorris@moorejamesandgreen.com,SalA116,Port Brad,Colorado,Jordan,Family Office,14-06-2024,15-02-2024,28-12-2024,18403656863,Former Client,,Sales AM 2,Non Supporters,Active Client
SalA117,Steven Maxwell,"Powell, Parker and Chavez",46,amy39@powellparkerandchavez.com,SalA117,Bakerton,North Dakota,Mayotte,Financial Advisor,02-03-2024,07-11-2024,02-01-2025,14508274213,Prospect,,Sales AM 2,Non Supporters,Non Supporters
SalA118,Javier Whitney,"Walton, Webster and Patrick",46,mccartyrichard@waltonwebsterandpatrick.com,SalA118,Port Josemouth,Wyoming,Central African Republic,RIA,06-04-2024,30-05-2024,04-01-2025,14176573528,Prospect,,Sales AM 2,Non Supporters,Non Supporters
SalA119,Walter Rodriguez,Wood and Sons,39,tina09@woodandsons.com,SalA119,Tammyville,Illinois,United States of America,Broker Dealer,31-01-2024,22-11-2024,06-01-2025,19458196466,Former Client,,Sales AM 2,Non Supporters,Active Client
SalA120,Monica Price,"Adams, Rogers and Webb",42,heather68@adamsrogersandwebb.com,SalA120,Ashleyfurt,Alabama,Brunei Darussalam,Broker Dealer,24-11-2024,21-01-2024,14-12-2024,19771677490,Former Client,,Sales AM 2,Non Supporters,Former Client
SalA121,Casey Davis,Fox-Chen,37,williamscarmen@fox-chen.com,SalA121,Gallegosmouth,Kentucky,Nepal,RIA,17-03-2024,28-01-2024,05-01-2025,19918470772,Client,,Sales AM 2,Non Supporters,Potential Client
SalA122,Elizabeth Gonzalez,"Harrell, Long and Duran",41,barrychapman@harrelllongandduran.com,SalA122,Brownfurt,Maryland,Mexico,Institutional Investor,29-03-2024,17-05-2024,05-01-2025,18381575370,Client,,Sales AM 2,Non Supporters,Potential Client
SalA123,Todd Hill DDS,"Carson, Peck and Aguirre",45,james61@carsonpeckandaguirre.com,SalA123,Port Debraview,Massachusetts,Italy,Financial Advisor,04-10-2024,24-04-2024,03-01-2025,10255498204,Former Client,,Sales AM 2,Non Supporters,Active Client
SalA124,Alan Davis,Martinez-Harris,47,robert84@martinez-harris.com,SalA124,Medinabury,Montana,Macedonia,Financial Advisor,11-09-2024,03-05-2024,06-01-2025,16043955559,Client,,Sales AM 2,Non Supporters,Potential Client
SalA125,Eric Bell,Mcdowell-Steele,50,bradley42@mcdowell-steele.com,SalA125,Walkerborough,Alabama,Russian Federation,RIA,22-02-2024,27-06-2024,02-01-2025,18235712598,Former Client,,Sales AM 2,Non Supporters,Active Client
SalA126,Samantha Mason,Rogers-Castro,37,jessicarobertson@rogers-castro.com,SalA126,Lake Christopherborough,Ohio,Nepal,Institutional Investor,15-06-2024,03-06-2024,04-01-2025,10633772337,Prospect,,Sales AM 2,Non Supporters,Non Supporters
SalA127,Angela Sutton,Jones PLC,48,mmartinez@jonesplc.com,SalA127,West David,Missouri,Guam,Family Office,25-01-2024,21-12-2024,04-01-2025,16049271609,Prospect,,Sales AM 2,Non Supporters,Non Supporters
SalA128,Grant Thomas,Pena-Roberts,48,bakerjared@pena-roberts.com,SalA128,Johnsonfort,South Carolina,Romania,Financial Advisor,12-05-2024,19-06-2024,04-01-2025,17855277022,Prospect,,Sales AM 2,Non Supporters,Non Supporters
SalA129,William Blake PhD,Hill Ltd,39,flynnjohn@hillltd.com,SalA129,Nguyenfurt,Illinois,Samoa,Institutional Investor,29-10-2024,24-10-2024,31-12-2024,16400570839,Former Client,,Sales AM 2,Non Supporters,Active Client
SalA130,Michael Riley,Schneider Inc,38,iross@schneiderinc.com,SalA130,Lake Tarafurt,Maryland,Montserrat,RIA,23-12-2024,31-10-2024,05-01-2025,14649912505,Former Client,,Sales AM 2,Non Supporters,Active Client
SalA131,Tiffany Curtis,Long-Johnson,35,goconnor@long-johnson.com,SalA131,Michaelview,Michigan,Gambia,RIA,09-03-2024,28-12-2024,01-01-2025,14736992254,Former Client,,Sales AM 2,Non Supporters,Active Client
SalA132,Andrea Mathews,"Ingram, Glover and Roberts",46,lisamarshall@ingramgloverandroberts.com,SalA132,Bennettview,California,Montenegro,Institutional Investor,11-10-2024,12-09-2024,02-01-2025,13691848562,Former Client,,Sales AM 2,Non Supporters,Active Client
SalA133,Randy Barton,Williams LLC,41,kevingarcia@williamsllc.com,SalA133,North Shelley,Nevada,Switzerland,Broker Dealer,10-09-2024,19-07-2024,02-01-2025,12151896794,Client,,Sales AM 2,Potential Client,Active Client
SalA134,Brittany Cunningham,Anderson-Watson,36,earl91@anderson-watson.com,SalA134,Lake Miguel,Virginia,Liberia,Family Office,17-10-2024,11-08-2024,03-01-2025,15820951335,Former Client,,Sales AM 2,Non Supporters,Former Client
SalA135,Alexandra Simon,"Bowen, Pitts and Hansen",50,milesbrett@bowenpittsandhansen.com,SalA135,Alvaradotown,Texas,Marshall Islands,Broker Dealer,26-11-2024,16-04-2024,06-01-2025,13863939369,Former Client,,Sales AM 2,Non Supporters,Active Client
SalA136,Emily Chavez,"Mendez, Tran and Miller",46,alexandriavalencia@mendeztranandmiller.com,SalA136,Clarenceberg,Georgia,Sao Tome and Principe,Institutional Investor,27-07-2024,20-06-2024,04-01-2025,12007945730,Former Client,,Sales AM 2,Former Client,Active Client
SalA137,Joel Richards,"Kim, Sparks and Montgomery",40,jeffersoncathy@kimsparksandmontgomery.com,SalA137,Mooreside,South Carolina,Greece,Financial Advisor,12-01-2024,18-11-2024,31-12-2024,11145552378,Former Client,,Sales AM 2,Former Client,Active Client
SalA138,Stephen Barr,Burgess and Sons,45,kennedypaula@burgessandsons.com,SalA138,Christopherville,New Jersey,Japan,Institutional Investor,30-05-2024,20-06-2024,05-01-2025,19897490267,Former Client,,Sales AM 2,Former Client,Active Client
SalA139,Elizabeth Taylor,"Kemp, Martin and Walker",43,boltonkendra@kempmartinandwalker.com,SalA139,North Jack,Alabama,Iraq,RIA,22-06-2024,28-01-2024,03-01-2025,11377090281,Client,,Sales AM 2,Non Supporters,Potential Client
SalA140,Angela Reynolds,"Wells, Lewis and Johnson",47,fgriffith@wellslewisandjohnson.com,SalA140,New Josephhaven,Hawaii,Azerbaijan,RIA,12-09-2024,22-12-2024,29-12-2024,12822750907,Client,,Sales AM 2,Non Supporters,Potential Client
SalA141,Micheal Johnson,"Rowland, Hernandez and Arnold",48,llarsen@rowlandhernandezandarnold.com,SalA141,Kyleview,Arizona,French Guiana,Financial Advisor,31-08-2024,24-09-2024,31-12-2024,17164101209,Client,,Sales AM 2,Non Supporters,Potential Client
SalA142,James Woodard,"Adams, Hoffman and Sims",50,geoffrey61@adamshoffmanandsims.com,SalA142,Johnchester,Maine,Equatorial Guinea,Institutional Investor,27-10-2024,02-11-2024,01-01-2025,10004014441,Former Client,,Sales AM 2,Former Client,Former Client
SalA143,Alexander Allen,Martinez-Mcmahon,37,jonesmelissa@martinez-mcmahon.com,SalA143,Cindymouth,Hawaii,Chile,Financial Advisor,19-04-2024,05-04-2024,28-12-2024,10591633721,Former Client,,Sales AM 2,Former Client,Active Client
SalA144,Matthew Ponce,Wright-Parker,40,billy40@wright-parker.com,SalA144,East Catherine,Louisiana,Cape Verde,Family Office,20-09-2024,24-11-2024,03-01-2025,16168861328,Former Client,,Sales AM 2,Former Client,Active Client
SalA145,Dr. Christopher Gonzalez MD,Robinson and Sons,34,campbellpeggy@robinsonandsons.com,SalA145,East Tammymouth,Minnesota,Belgium,Family Office,07-12-2024,30-04-2024,06-01-2025,12698944676,Former Client,,Sales AM 2,Former Client,Non Supporters
SalA146,Richard Mcguire,Taylor-Erickson,38,julie27@taylor-erickson.com,SalA146,Kimberlyfort,New York,Armenia,Institutional Investor,08-08-2024,14-08-2024,02-01-2025,14598084463,Former Client,,Sales AM 2,Potential Client,Potential Client
SalA147,Michael Baldwin,Woods-Anderson,45,diane68@woods-anderson.com,SalA147,Ramosmouth,Florida,Moldova,Institutional Investor,26-03-2024,27-11-2024,06-01-2025,15880188249,Client,,Sales AM 2,Non Supporters,Potential Client
SalA148,Michael Moore,Thomas PLC,38,jwalker@thomasplc.com,SalA148,Karenland,Arizona,Libyan Arab Jamahiriya,Institutional Investor,16-11-2024,11-05-2024,06-01-2025,16908179186,Former Client,,Sales AM 2,Former Client,Active Client
SalA149,Patricia Barnes,Smith-Cole,39,craig06@smith-cole.com,SalA149,East Laurieville,Wyoming,Fiji,Institutional Investor,08-08-2024,10-09-2024,03-01-2025,10723403022,Former Client,,Sales AM 2,Former Client,Active Client
SalA150,Robert Wright,"Friedman, Martinez and Meyers",48,christina22@friedmanmartinezandmeyers.com,SalA150,Lake Paulberg,Rhode Island,Puerto Rico,Broker Dealer,28-03-2024,03-07-2024,03-01-2025,19069987219,Prospect,,Sales AM 2,Non Supporters,Non Supporters
SalA151,Teresa Rivera,Jones and Sons,35,richardprice@jonesandsons.com,SalA151,West Barbara,Arizona,Palau,Institutional Investor,17-04-2024,09-06-2024,03-01-2025,18728480550,Prospect,,Sales AM 2,Non Supporters,Non Supporters
SalA152,Joe Chavez,Jacobs Group,35,lsutton@jacobsgroup.com,SalA152,Gonzalezbury,Iowa,Tanzania,Financial Advisor,31-10-2024,06-10-2024,30-12-2024,18089039003,Prospect,,Sales AM 2,Non Supporters,Non Supporters
SalA153,Michele Fields,Fitzpatrick-Smith,48,jessicaelliott@fitzpatrick-smith.com,SalA153,Port William,Michigan,Mayotte,RIA,02-06-2024,28-03-2024,30-12-2024,16112382540,Former Client,,Sales AM 2,Potential Client,Potential Client
SalA154,Olivia Holt,"Medina, Greene and Thompson",32,xcarpenter@medinagreeneandthompson.com,SalA154,North Zacharyville,New York,Macao,Broker Dealer,12-04-2024,03-08-2024,31-12-2024,16293507575,Former Client,,Sales AM 2,Former Client,Non Supporters
SalA155,Kathy Sims,"Johnson, Moore and Brown",46,kellykatie@johnsonmooreandbrown.com,SalA155,New Melissaland,Florida,India,Family Office,25-06-2024,03-10-2024,02-01-2025,18489112348,Client,,Sales AM 2,Non Supporters,Potential Client
SalA156,Donna Anderson DDS,Strong Ltd,48,nataliecarter@strongltd.com,SalA156,Pruittland,Tennessee,Tuvalu,Financial Advisor,05-08-2024,07-08-2024,18-12-2024,17376626392,Former Client,,Sales AM 2,Former Client,Active Client
SalA157,Joseph Richards,Johnson-Silva,41,holmesmary@johnson-silva.com,SalA157,West Deanna,Arizona,Mayotte,Broker Dealer,14-01-2024,13-11-2024,21-12-2024,15476214502,Client,,Sales AM 2,Non Supporters,Potential Client
SalA158,William Johnson,Wood-Frey,34,julie76@wood-frey.com,SalA158,Taylorfurt,Oklahoma,Kazakhstan,Broker Dealer,26-02-2024,28-08-2024,30-12-2024,12212718689,Client,,Sales AM 2,Non Supporters,Potential Client
SalA159,Stephanie Lee,Mitchell and Sons,34,tamarahernandez@mitchellandsons.com,SalA159,Johnmouth,Florida,Myanmar,Family Office,04-02-2024,25-01-2024,17-12-2024,17725523687,Prospect,,Sales AM 2,Non Supporters,Non Supporters
SalA160,Jessica Rogers,"Wolf, Skinner and Barrera",42,ashley99@wolfskinnerandbarrera.com,SalA160,Deanmouth,New York,Austria,Family Office,29-02-2024,05-07-2024,26-12-2024,19023919121,Former Client,,Sales AM 2,Former Client,Non Supporters
SalA161,Sara Brown,"James, Lynn and Oneill",31,lauren40@jameslynnandoneill.com,SalA161,Lake Hannahport,Wyoming,Burkina Faso,Family Office,27-06-2024,04-10-2024,31-12-2024,12677175048,Former Client,,Sales AM 2,Active Client,Active Client
SalA162,Catherine Smith,"Gordon, Winters and Gomez",38,nrose@gordonwintersandgomez.com,SalA162,Jasonview,Tennessee,Palau,Institutional Investor,09-04-2024,31-01-2024,01-01-2025,18475816261,Former Client,,Sales AM 2,Potential Client,Potential Client
SalA163,Keith Hines,Gonzalez-Fields,34,dpineda@gonzalez-fields.com,SalA163,Robersonhaven,Kentucky,Montserrat,Financial Advisor,08-09-2024,11-04-2024,25-12-2024,13717173118,Former Client,,Sales AM 2,Active Client,Active Client
SalA164,Jennifer Good,Anderson-Clark,32,jennifergutierrez@anderson-clark.com,SalA164,Pricemouth,North Carolina,Malawi,RIA,25-11-2024,26-06-2024,29-12-2024,10689454861,Prospect,,Sales AM 2,Non Supporters,Non Supporters
SalA165,Lawrence Melendez,Simon-Morales,44,feliciakennedy@simon-morales.com,SalA165,Allisonfurt,Hawaii,Guatemala,Family Office,02-12-2024,28-08-2024,06-12-2024,13601691013,Former Client,,Sales AM 2,Potential Client,Potential Client
SalA166,Natasha Mcdaniel,"Strong, Gonzalez and Morales",42,vasquezerica@stronggonzalezandmorales.com,SalA166,South Kristin,Washington,Norfolk Island,Family Office,26-08-2024,24-05-2024,02-01-2025,12216042371,Former Client,,Sales AM 2,Active Client,Active Client
SalA167,William Schmitt,"Morgan, Richardson and Mccoy",30,debbiefisher@morganrichardsonandmccoy.com,SalA167,North Chelsea,New Hampshire,United States Virgin Islands,Financial Advisor,29-04-2024,21-08-2024,18-12-2024,13533391065,Former Client,,Sales AM 2,Active Client,Active Client
SalA168,Scott Caldwell,Rollins-Gray,35,dmurray@rollins-gray.com,SalA168,North Jenniferfurt,Mississippi,Bermuda,Broker Dealer,06-05-2024,13-02-2024,26-12-2024,14090609703,Former Client,,Sales AM 2,Active Client,Active Client
SalA169,Marcus Gonzalez,"Taylor, Cook and Williams",45,christina76@taylorcookandwilliams.com,SalA169,Morganview,Maine,Uzbekistan,Institutional Investor,04-10-2024,19-09-2024,05-01-2025,17360360056,Former Client,,Sales AM 2,Former Client,Non Supporters
