Advisor ID,Name,Firm Name,Age,Email Address,City,State,Country,Client Industry,Insert date,Last update date,Phone number,Client,Data Hygiene,Lead AM,November,December
SalA001,Vanessa Smith,Norris-Brown,43,coreyharrell@norris-brown.com,New Kimberly,South Carolina,Montserrat,Financial Advisor,09-01-2024,09-01-2024,16546964776,Client,Healthy data,Sales AM 1,Early Client,Potential Client
SalA002,Claudia George,Montgomery-Zimmerman,41,claudia.george@montgomery-zimmerman.com,Cooperland,Alabama,Mongolia,RIA,14-04-2024,12-10-2024,19330448233,Client,Healthy data,Sales AM 1,Former Client,Active Client
SalA003,Warren Mathews,Davis Inc,31,cheryl98@davisinc.com,Lake Frederick,Illinois,Chile,Broker Dealer,11-02-2024,11-02-2024,16431072556,Client,Healthy data,Sales AM 1,Active Client,Active Client
SalA004, Elizabeth Shaffer,Warren Group,50,elizabethshaffer@warrengroup.com,Phamshire,Maryland,Sri Lanka,Family Office,11-02-2024,11-02-2024,12932137668,Client,Healthy data,Sales AM 1,Active Client,Active Client
SalA005, R. Hurst ,Larson Group,31,rhurst@larsongroup.com,West Theresafort,Washington,Korea,Financial Advisor,21-03-2024,21-03-2024,15773858423,Client,Healthy data,Sales AM 1,Active Client,Active Client
SalA006, Misty Johnson,"Chambers, Page and Whitaker",41,johnsonmisty@chamberspageandwhitaker.com,Jessicaville,North Dakota,Greece,Family Office,27-05-2024,13-06-2024,,Client,Missing Record,Sales AM 1,Early Client,Potential Client
SalA007, Don Camacho,Jackson-Charles,33,camachodon@jackson-charles.com,Duncanbury,Washington,Comoros,Family Office,08-11-2024,08-11-2024,16309036673,Client,Healthy data,Sales AM 1,Potential Client,Active Client
SalA008, Jennifer Rogers,Baker PLC,48,rogersjennifer@bakerplc.com,Russofort,Colorado,Germany,Financial Advisor,23-02-2024,23-02-2024,,Client,Missing Record,Sales AM 1,Active Client,Active Client
SalA009, Michael Young,"Lee, Shaw and Hall",31,michaelyoung@leeshawandhall.com,West Danielleview,North Carolina,Bangladesh,Family Office,01-01-2024,01-09-2024,14837890900,Client,Healthy data,Sales AM 1,Non Supporters,Potential Client
SalA010, K. Summers ,Larson Ltd,37,ksummers@larsonltd.com,Xavierchester,Louisiana,Cayman Islands,Family Office,18-06-2024,18-06-2024,17413706557,Client,Healthy data,Sales AM 1,Active Client,Active Client
SalA011, Theresa Wang,Brown Group,30,theresawang@browngroup.com,Port Ryan,North Carolina,Liberia,Broker Dealer,21-01-2024,21-01-2024,10985569562,Prospect,Stale Records,Sales AM 1,Active Client,Non Supporters
SalA012, Dawn Smith,"James, Reyes and Rhodes",38,dawnsmith@jamesreyesandrhodes.com,Lake Robertberg,Kansas,Lesotho,Financial Advisor,12-03-2024,12-03-2024,14322134420,Client,Healthy data,Sales AM 1,Active Client,Active Client
SalA013, Rebecca May,May PLC,44,rebecca81@mayplc.com,Port Lynnview,Alaska,Kyrgyz Republic,Financial Advisor,13-08-2024,13-08-2024,,Client,Missing Record,Sales AM 1,Active Client,Active Client
SalA014, Brian Schultz,Vaughn Inc,36,brianschultz@vaughninc.com,Justinburgh,Maine,Chile,Financial Advisor,10-08-2024,10-08-2024,19436612758,Client,Healthy data,Sales AM 1,Active Client,Active Client
SalA015, Tina Terry,"Shaw, Bailey and Smith",37,tinaterry@shawbaileyandsmith.com,Howardville,Maine,Vietnam,Broker Dealer,22-03-2024,29-07-2024,,Former Client,Missing Record,Sales AM 1,Former Client,Former Client
SalA016, Jose Brooks,Gonzalez-Holland,39,brooksjose@gonzalez-holland.com,Leechester,Wisconsin,Nicaragua,Financial Advisor,30-04-2024,28-08-2024,15436930795,Client,Healthy data,Sales AM 1,Potential Client,Potential Client
SalA017, Ashley McDonald,Ray Ltd,47,mcdonaldashley@rayltd.com,South Adam,Wyoming,Saint Vincent and the Grenadines,Institutional Investor,13-04-2024,13-04-2024,18476809180,Former Client,Healthy data,Sales AM 1,Former Client,Former Client
SalA018, Victoria Parker,Parker-Cox,37,victoria57@parker-cox.com,Palmertown,Mississippi,Japan,Family Office,08-06-2024,08-06-2024,17100980245,Client,Healthy data,Sales AM 1,Potential Client,Potential Client
SalA019, Jaime Jackson,Powell Inc,31,jacksonjaime@powellinc.com,Alexanderburgh,Tennessee,Barbados,Institutional Investor,15-02-2024,15-02-2024,18403656863,Client,Healthy data,Sales AM 1,Potential Client,Active Client
SalA020, Walter Farrell,"Farrell, Erickson and Frost",35,walter26@farrellericksonandfrost.com,Clintonview,Maine,Ecuador,RIA,02-03-2024,07-11-2024,,Prospect,Missing Record,Sales AM 1,Active Client,Non Supporters
SalA021, Travis Johnson,Johnson-Sosa,32,travis03@johnson-sosa.com,Port Carol,Idaho,Bhutan,Family Office,06-04-2024,30-05-2024,,Client,Missing Record,Sales AM 1,Active Client,Active Client
SalA022,William Meyer,Lee-Lyons,31,maciasoscar@lee-lyons.com,Port Matthew,Oregon,Liechtenstein,RIA,31-01-2024,22-11-2024,19458196466,Client,Healthy data,Sales AM 1,Active Client,Active Client
SalA023, Brandon Tran,"Parsons, Carlson and York",36,brandontran@parsonscarlsonandyork.com,New Jessica,Kentucky,Cambodia,Broker Dealer,21-01-2024,21-01-2024,,Former Client,Missing Record,Sales AM 1,Former Client,Former Client
SalA024, Daniel Coleman,"Benjamin, Lyons and Simon",30,colemandaniel@benjaminlyonsandsimon.com,Briannamouth,Arizona,Dominican Republic,Broker Dealer,28-01-2024,28-01-2024,19918470772,Client,Healthy data,Sales AM 1,Active Client,Active Client
SalA025, Sarah Miller,Brown-Rodriguez,41,millersarah@brown-rodriguez.com,Lake Kayla,New York,Ghana,Broker Dealer,29-03-2024,17-05-2024,18381575370,Client,Healthy data,Sales AM 1,Active Client,Active Client
SalA026, Ruth Armstrong,Armstrong PLC,31,ruth02@armstrongplc.com,Angelaside,Missouri,Vietnam,Broker Dealer,24-04-2024,24-04-2024,,Client,Missing Record,Sales AM 1,Potential Client,Active Client
SalA027, D. Conner ,Graves-Chapman,43,dconner@graves-chapman.com,Justinbury,Maine,Saudi Arabia,Broker Dealer,03-05-2024,03-05-2024,16043955559,Client,Healthy data,Sales AM 1,Active Client,Active Client
SalA028, Shannon Becker,Becker-Phillips,45,shannon61@becker-phillips.com,Karentown,Mississippi,India,RIA,22-02-2024,27-06-2024,18235712598,Client,Healthy data,Sales AM 1,Active Client,Active Client
SalA029, Joseph Davila,Jackson-Pope,38,josephdavila@jackson-pope.com,Morganland,Oregon,Libyan Arab Jamahiriya,Broker Dealer,03-06-2024,03-06-2024,10633772337,Client,Healthy data,Sales AM 1,Early Client,Early Client
SalA030,Hannah Norris,"Miller, Diaz and Contreras",45,sandy78@millerdiazandcontreras.com,New Matthew,South Carolina,Canada,Institutional Investor,25-01-2024,21-12-2024,,Client,Missing Record,Sales AM 1,Early Client,Early Client
SalA031, Peter Atkinson,"Atkinson, Wright and Brown",36,peter01@atkinsonwrightandbrown.com,Woodsfort,Ohio,Costa Rica,Institutional Investor,12-05-2024,19-06-2024,17855277022,Client,Healthy data,Sales AM 1,Early Client,Early Client
SalA032, E. Anderson ,"Harrington, Banks and Hill",43,eanderson@harringtonbanksandhill.com,Lake Larry,Montana,Algeria,Financial Advisor,24-10-2024,24-10-2024,16400570839,Client,Healthy data,Sales AM 1,Potential Client,Early Client
SalA033,Joseph Duran,Larson and Sons,30,joseph.duran@larsonandsons.com,Port Susan,Florida,Burundi,Institutional Investor,31-10-2024,31-10-2024,14649912505,Client,Healthy data,Sales AM 1,Active Client,Active Client
SalA034, Michael Brown,Brown-Watson,43,michael64@brown-watson.com,Lake Tammy,Nevada,Lithuania,RIA,09-03-2024,28-12-2024,14736992254,Client,Healthy data,Sales AM 1,Active Client,Active Client
SalA035, Lindsay Evans,Ward PLC,47,evanslindsay@wardplc.com,Donnashire,New York,Cocos (Keeling) Islands,Institutional Investor,12-09-2024,12-09-2024,13691848562,Client,Healthy data,Sales AM 1,Active Client,Active Client
SalA036, Misty Mathis,Carson and Sons,44,mathismisty@carsonandsons.com,New Larry,West Virginia,Iceland,Family Office,19-07-2024,19-07-2024,12151896794,Client,Healthy data,Sales AM 1,Potential Client,Potential Client
SalA037, Gregory Wilkerson,"Smith, Smith and Griffin",38,wilkersongregory@smithsmithandgriffin.com,East Chelsea,North Dakota,Mexico,Institutional Investor,11-08-2024,11-08-2024,,Former Client,Missing Record,Sales AM 1,Former Client,Former Client
SalA038, Ian Baker,Adams-Wagner,34,bakerian@adams-wagner.com,Lake Amanda,Oregon,Canada,RIA,16-04-2024,16-04-2024,13863939369,Client,Healthy data,Sales AM 1,Former Client,Early Client
SalA039, B. Anderson ,Jordan Ltd,43,banderson@jordanltd.com,Port Daniel,Michigan,Kiribati,Institutional Investor,20-06-2024,20-06-2024,,Client,Missing Record,Sales AM 1,Active Client,Active Client
SalA040, Robert Williams,Williams-Cummings,45,robert77@williams-cummings.com,Palmerside,Indiana,South Georgia and the South Sandwich Islands,Family Office,12-01-2024,18-11-2024,11145552378,Client,Healthy data,Sales AM 1,Active Client,Active Client
SalA041, Michelle Williams,Hodge-Schmidt,46,michellewilliams@hodge-schmidt.com,Duartemouth,Illinois,Micronesia,Family Office,30-05-2024,20-06-2024,19897490267,Client,Healthy data,Sales AM 1,Active Client,Active Client
SalA042, Ebony Bentley,Adams PLC,36,ebonybentley@adamsplc.com,East Matthewbury,New Hampshire,Greece,Broker Dealer,28-01-2024,28-01-2024,11377090281,Client,Healthy data,Sales AM 1,Active Client,Active Client
SalA043, Dean McKenzie,Simpson PLC,41,deanmckenzie@simpsonplc.com,Jonesview,Ohio,Germany,Broker Dealer,12-09-2024,22-12-2024,12822750907,Client,Healthy data,Sales AM 1,Active Client,Active Client
SalA044, A. Fowler ,Nixon Group,42,afowler@nixongroup.com,West Kevinhaven,Michigan,Equatorial Guinea,Family Office,31-08-2024,24-09-2024,17164101209,Client,Healthy data,Sales AM 1,Active Client,Active Client
SalA045, David Harding,Harding-Lee,35,david71@harding-lee.com,South Michaelville,Missouri,British Indian Ocean Territory (Chagos Archipelago),RIA,27-10-2024,02-11-2024,10004014441,Former Client,Healthy data,Sales AM 1,Former Client,Former Client
SalA046, W. De La Cruz ,Hill and Sons,43,wdelacruz@hillandsons.com,Wilsonland,Florida,Colombia,Family Office,05-04-2024,05-04-2024,10591633721,Client,Healthy data,Sales AM 1,Early Client,Active Client
SalA047, Amy Greer,"Garcia, Hayes and Baker",37,greeramy@garciahayesandbaker.com,Davidside,New Jersey,Korea,Family Office,20-09-2024,24-11-2024,16168861328,Client,Healthy data,Sales AM 1,Active Client,Active Client
SalA048, Lawrence Little,Ellis Ltd,47,lawrencelittle@ellisltd.com,East Timothy,Kentucky,American Samoa,Family Office,21-01-2024,21-01-2024,12698944676,Prospect,Stale Records,Sales AM 1,Active Client,Non Supporters
SalA049, Stephen Vazquez,Smith Inc,35,stephenvazquez@smithinc.com,Garciabury,Pennsylvania,Uruguay,Broker Dealer,08-08-2024,14-08-2024,14598084463,Client,Healthy data,Sales AM 1,Potential Client,Potential Client
SalA050, Kenneth Clark,Clark-Cox,38,kenneth60@clark-cox.com,Spencerview,Wyoming,Belize,Family Office,26-03-2024,27-11-2024,15880188249,Client,Healthy data,Sales AM 1,Active Client,Active Client
SalA051,Ryan Reynolds,Crawford Group,49,john54@crawfordgroup.com,Deborahmouth,Virginia,Indonesia,Institutional Investor,11-05-2024,11-05-2024,16908179186,Client,Healthy data,Sales AM 1,Active Client,Active Client
SalA052, S. Fletcher ,Evans-Mullins,39,sfletcher@evans-mullins.com,Port Miketon,Texas,Slovakia (Slovak Republic),Financial Advisor,08-08-2024,10-09-2024,10723403022,Client,Healthy data,Sales AM 1,Active Client,Active Client
SalA053, O. Munoz ,Curtis Ltd,32,omunoz@curtisltd.com,Katherineside,South Carolina,Nauru,Financial Advisor,28-03-2024,03-07-2024,19069987219,Client,Healthy data,Sales AM 1,Active Client,Active Client
SalA054, Marie Adams,"Hopkins, Porter and Jimenez",32,adamsmarie@hopkinsporterandjimenez.com,North Morganfort,Florida,Kazakhstan,Family Office,17-04-2024,09-06-2024,18728480550,Client,Healthy data,Sales AM 1,Potential Client,Potential Client
SalA055, Thomas Cooper,King-Peterson,44,cooperthomas@king-peterson.com,Jacksontown,New Mexico,Botswana,RIA,06-10-2024,06-10-2024,18089039003,Client,Healthy data,Sales AM 1,Early Client,Active Client
SalA056, Tammy Reyes,Reyes and Sons,46,tammy97@reyesandsons.com,Huntermouth,Colorado,Macao,RIA,28-03-2024,28-03-2024,16112382540,Client,Healthy data,Sales AM 1,Potential Client,Potential Client
SalA057, Karen Jones,Rodriguez Ltd,36,joneskaren@rodriguezltd.com,West Charleschester,Connecticut,Tokelau,Financial Advisor,12-04-2024,03-08-2024,16293507575,Former Client,Healthy data,Sales AM 1,Former Client,Former Client
SalA058, Linda Russell,"Carlson, Allen and Jackson",46,russelllinda@carlsonallenandjackson.com,Jessestad,Michigan,Cote d'Ivoire,RIA,25-06-2024,03-10-2024,18489112348,Client,Healthy data,Sales AM 1,Active Client,Active Client
SalA059, Marcus May,Dean LLC,43,marcusmay@deanllc.com,Annachester,Arizona,Algeria,Institutional Investor,05-08-2024,07-08-2024,17376626392,Client,Healthy data,Sales AM 1,Active Client,Active Client
SalA060, Megan Valdez,"Evans, Howell and Young",33,meganvaldez@evanshowellandyoung.com,Kennethmouth,Maine,Brazil,Financial Advisor,14-01-2024,13-11-2024,15476214502,Client,Healthy data,Sales AM 1,Active Client,Active Client
SalA061, V. Gordon ,Bennett-Sullivan,33,vgordon@bennett-sullivan.com,East Susan,Indiana,Antarctica (the territory South of 60 deg S),Financial Advisor,26-02-2024,28-08-2024,12212718689,Client,Healthy data,Sales AM 1,Former Client,Active Client
SalA062,Allison Walters,Lyons Group,30,christopher73@lyonsgroup.com,North Matthewside,Utah,Sweden,Broker Dealer,25-01-2024,25-01-2024,17725523687,Client,Healthy data,Sales AM 1,Active Client,Active Client
SalA063, Kaitlyn Blankenship,"Black, Wells and Walker",42,kaitlynblankenship@blackwellsandwalker.com,Kathrynmouth,Arkansas,Germany,Family Office,29-02-2024,05-07-2024,19023919121,Former Client,Healthy data,Sales AM 1,Former Client,Former Client
SalA064, B. Hines ,Lee Inc,43,bhines@leeinc.com,Matthewsshire,Michigan,Aruba,RIA,27-06-2024,04-10-2024,12677175048,Client,Healthy data,Sales AM 1,Active Client,Active Client
SalA065, R. Flores ,Mccann-Johnson,34,rflores@mccann-johnson.com,New Ashley,Wyoming,Germany,Institutional Investor,31-01-2024,31-01-2024,18475816261,Client,Healthy data,Sales AM 1,Potential Client,Potential Client
SalA066,Beth Bridges,"Webb, Powell and Tucker",50,jody98@webbpowellandtucker.com,Rachelfort,Wyoming,Andorra,Broker Dealer,11-04-2024,11-04-2024,13717173118,Client,Healthy data,Sales AM 1,Active Client,Active Client
SalA067, Mary Carney,"Carney, Spencer and Santos",45,mary27@carneyspencerandsantos.com,Lake Lisashire,Alabama,Austria,Institutional Investor,26-06-2024,26-06-2024,10689454861,Client,Healthy data,Sales AM 1,Active Client,Active Client
SalA068, Shelton Williams,"Gibson, Welch and Taylor",49,williamshelton@gibsonwelchandtaylor.com,Shepardton,Massachusetts,Montenegro,RIA,28-08-2024,28-08-2024,13601691013,Client,Healthy data,Sales AM 1,Potential Client,Potential Client
SalA069, Q. Wall ,Hanna-Sloan,50,qwall@hanna-sloan.com,North Nicholasmouth,Hawaii,Japan,Institutional Investor,24-05-2024,24-05-2024,12216042371,Client,Healthy data,Sales AM 1,Active Client,Active Client
SalA070, Kayla Moore,Moore and Sons,31,kayla73@mooreandsons.com,West Mariastad,Georgia,Bangladesh,Broker Dealer,29-04-2024,21-08-2024,13533391065,Client,Healthy data,Sales AM 1,Active Client,Active Client
SalA071, Pamela Morris,Lee-Anderson,37,morrispamela@lee-anderson.com,East Elizabethtown,Utah,Kiribati,Broker Dealer,13-02-2024,13-02-2024,14090609703,Client,Healthy data,Sales AM 1,Active Client,Active Client
SalA072, F. Vega ,Williams-Fleming,31,fvega@williams-fleming.com,West Jameshaven,Iowa,Paraguay,Family Office,19-09-2024,19-09-2024,17360360056,Former Client,Healthy data,Sales AM 1,Former Client,Former Client
SalA073, Kevin Hood,"Hood, Harrison and Blackwell",38,kevin02@hoodharrisonandblackwell.com,Mariafort,Tennessee,Liechtenstein,Financial Advisor,01-04-2024,20-12-2024,18137217328,Former Client,Healthy data,Sales AM 1,Former Client,Former Client
SalA074, S. Carr ,"Sullivan, Khan and Jacobs",49,scarr@sullivankhanandjacobs.com,North Jennifermouth,Nevada,Turkey,RIA,28-05-2024,29-09-2024,18686170043,Client,Healthy data,Sales AM 1,Active Client,Active Client
SalA075, Kevin Moore,Walsh-Pruitt,48,moorekevin@walsh-pruitt.com,Malonemouth,Utah,Chile,RIA,21-01-2024,21-01-2024,14897323129,Prospect,Stale Records,Sales AM 1,Active Client,Non Supporters
SalA076, F. Brown ,Keith-Sims,35,fbrown@keith-sims.com,Markfort,New York,Netherlands Antilles,Institutional Investor,21-01-2024,21-01-2024,16468378224,Prospect,Stale Records,Sales AM 1,Active Client,Non Supporters
SalA077, Michael Briggs,Rogers Group,48,michaelbriggs@rogersgroup.com,Natalieborough,Virginia,Eritrea,Institutional Investor,26-03-2024,29-07-2024,13510859131,Client,Healthy data,Sales AM 1,Former Client,Potential Client
SalA078, Y. Singh ,Morris Inc,37,ysingh@morrisinc.com,East Perry,Delaware,Belgium,Family Office,30-01-2024,12-05-2024,16845531836,Former Client,Healthy data,Sales AM 1,Non Supporters,Former Client
SalA079, Erika Thompson,Hopkins-Burgess,42,erikathompson@hopkins-burgess.com,Oliverchester,Missouri,Czech Republic,Broker Dealer,08-01-2024,25-04-2024,15961344146,Former Client,Healthy data,Sales AM 1,Active Client,Former Client
SalA080, H. Hatfield ,"Hill, Bates and Kelly",39,hhatfield@hillbatesandkelly.com,Brownshire,Utah,Switzerland,Financial Advisor,11-09-2024,11-09-2024,11807069477,Client,Healthy data,Sales AM 1,Former Client,Potential Client
SalA081, David Casey,Martin LLC,45,caseydavid@martinllc.com,East Melissafort,Washington,Madagascar,Financial Advisor,16-09-2024,16-09-2024,13695996863,Client,Healthy data,Sales AM 1,Active Client,Active Client
SalA082, Austin Riggs,"Riggs, Smith and Jones",31,austin15@riggssmithandjones.com,South Katieberg,Missouri,Turkey,RIA,29-03-2024,29-03-2024,,Prospect,Missing Record,Sales AM 1,Potential Client,Non Supporters
SalA083, Tristan Pennington,"Nguyen, Clark and Williams",42,penningtontristan@nguyenclarkandwilliams.com,South Jamesstad,Indiana,Central African Republic,Institutional Investor,05-01-2024,21-01-2024,10408414382,Prospect,Stale Records,Sales AM 1,Non Supporters,Non Supporters
SalA084, Kimberly Scott,"Scott, Grimes and Soto",48,kimberly72@scottgrimesandsoto.com,West Jesse,Indiana,Niue,Broker Dealer,02-05-2024,02-05-2024,15754987369,Former Client,Healthy data,Sales AM 1,Active Client,Former Client
SalA085, Amanda Williams,Williams-Austin,37,amanda01@williams-austin.com,Jamiemouth,Hawaii,United Kingdom,RIA,20-04-2024,27-08-2024,,Former Client,Missing Record,Sales AM 1,Active Client,Former Client
SalA086, X. Jones ,Martinez PLC,43,xjones@martinezplc.com,Greentown,Arizona,Somalia,Financial Advisor,19-05-2024,19-05-2024,13304336663,Client,Healthy data,Sales AM 1,Active Client,Active Client
SalA087, James Nguyen,Gould-Brown,33,nguyenjames@gould-brown.com,Christopherchester,Vermont,Tajikistan,Institutional Investor,21-01-2024,21-01-2024,18055192713,Prospect,Stale Records,Sales AM 1,Non Supporters,Non Supporters
SalA088, Thomas Cameron,"Richmond, Owens and Romero",38,cameronthomas@richmondowensandromero.com,Herreraville,Minnesota,Czech Republic,Broker Dealer,21-01-2024,21-01-2024,18844223357,Prospect,Stale Records,Sales AM 1,Non Supporters,Non Supporters
SalA089,Shannon Osborn,Henderson Inc,49,osmith@hendersoninc.com,Claudiaburgh,Florida,Niger,Institutional Investor,10-01-2024,28-09-2024,11996635311,Client,Healthy data,Sales AM 1,Non Supporters,Potential Client
SalA090, J. Cook ,Savage-Calhoun,50,jcook@savage-calhoun.com,Christopherborough,Virginia,Heard Island and McDonald Islands,Institutional Investor,21-01-2024,21-01-2024,15647919898,Prospect,Stale Records,Sales AM 1,Non Supporters,Non Supporters
SalA091,Brandon Craig,Brown-Richardson,48,,New Carolynberg,Louisiana,Monaco,Family Office,09-01-2024,22-09-2024,11648940405,Prospect,Missing Record,Sales AM 1,Non Supporters,Non Supporters
SalA092, Amanda Stewart,"Bullock, Burns and Stevens",49,stewartamanda@bullockburnsandstevens.com,West Amanda,Massachusetts,Nigeria,RIA,29-05-2024,29-05-2024,19023217938,Former Client,Healthy data,Sales AM 1,Active Client,Former Client
SalA093,Christopher Fernandez,"Jones, Evans and Allen",49,,Jacobsmouth,Oregon,Albania,RIA,26-09-2024,26-09-2024,19322483745,Prospect,Missing Record,Sales AM 1,Non Supporters,Non Supporters
SalA094,Harry Weber,"Ferguson, Moore and Walker",37,,Reyesmouth,Florida,Sri Lanka,Financial Advisor,18-01-2024,03-11-2024,16335139574,Prospect,Missing Record,Sales AM 1,Non Supporters,Non Supporters
SalA095, Alicia James,"James, Miller and Pineda",36,alicia78@jamesmillerandpineda.com,Shellyhaven,North Dakota,Tunisia,Institutional Investor,05-08-2024,21-10-2024,19976571605,Former Client,Healthy data,Sales AM 1,Active Client,Former Client
SalA096, K. Young ,Nunez-Nguyen,36,kyoung@nunez-nguyen.com,Port Rebeccatown,Nevada,Namibia,Family Office,19-02-2024,19-02-2024,16195384079,Former Client,Healthy data,Sales AM 1,Potential Client,Former Client
SalA097,Kenneth Hopkins,Woods LLC,39,,Guerraland,Texas,Croatia,Family Office,21-01-2024,21-01-2024,16187675765,Prospect,Stale Records,Sales AM 1,Non Supporters,Non Supporters
SalA098,Cathy West,"Martin, Carney and Tate",44,,Lake Carolineland,Utah,Nepal,Broker Dealer,21-01-2024,21-01-2024,11776106788,Prospect,Stale Records,Sales AM 1,Active Client,Non Supporters
SalA099, Catherine Williams,Lee LLC,48,catherinewilliams@leellc.com,New Andrewburgh,Louisiana,Northern Mariana Islands,Financial Advisor,09-01-2024,09-01-2024,16546964776,Former Client,,Sales AM 2,Potential Client,Potential Client
SalA100, Christina Campbell,"Campbell, Hill and Parrish",47,christina05@campbellhillandparrish.com,Samuelstad,Mississippi,Tuvalu,Institutional Investor,14-04-2024,12-10-2024,19330448233,Client,,Sales AM 2,Potential Client,Former Client
SalA101,Zoe Campbell,Hill-Williams,42,zcampbell@hill-williams.com,Christopherfort,Virginia,Samoa,Family Office,11-02-2024,11-02-2024,12932137668,Former Client,,Sales AM 2,Active Client,Former Client
SalA102, Duane Jackson,Jackson-Sanchez,37,duane85@jackson-sanchez.com,South Anaside,New Hampshire,Kyrgyz Republic,Broker Dealer,21-03-2024,21-03-2024,15773858423,Client,,Sales AM 2,Potential Client,Former Client
SalA103, Tyler Hubbard,Caldwell-Salinas,33,hubbardtyler@caldwell-salinas.com,Brendaborough,Florida,Lao People's Democratic Republic,Institutional Investor,27-05-2024,13-06-2024,11710515114,Prospect,,Sales AM 2,Non Supporters,Former Client
SalA104, Brad Curtis,Long-Molina,45,bradcurtis@long-molina.com,Alanland,Oregon,Cambodia,Broker Dealer,08-11-2024,08-11-2024,,Former Client,Missing Record,Sales AM 2,Active Client,Former Client
SalA105, Joshua Park,Murray-Kirk,45,joshuapark@murray-kirk.com,East Samantha,Maine,Cyprus,Financial Advisor,23-02-2024,23-02-2024,12745942105,Former Client,,Sales AM 2,Active Client,Former Client
SalA106,Scott Joyce,"Lopez, Moore and Williamson",49,scottjoyce@lopezmooreandwilliamson.com,West Catherine,,Guam,Broker Dealer,01-01-2024,01-09-2024,14837890900,Former Client,Missing Record,Sales AM 2,Potential Client,Potential Client
SalA107, April Nicholson,Nash PLC,38,nicholsonapril@nashplc.com,Shelbyshire,New Jersey,Reunion,Family Office,18-06-2024,18-06-2024,17413706557,Former Client,,Sales AM 2,Active Client,Former Client
SalA108, Aaron Cortez,Cortez-Howell,38,aaron93@cortez-howell.com,North Christine,Ohio,Greenland,RIA,08-06-2024,08-06-2024,10985569562,Prospect,,Sales AM 2,Non Supporters,Former Client
SalA109, Emily Robinson,"Dunn, Villarreal and Castro",45,emilyrobinson@dunnvillarrealandcastro.com,Howardberg,Alabama,Palau,Broker Dealer,12-03-2024,12-03-2024,14322134420,Client,,Sales AM 2,Potential Client,Former Client
SalA110,Joseph Leach,Ryan-Rivera,45,josephleach@ryan-rivera.com,West Melissa,California,Cocos (Keeling) Islands,Family Office,13-08-2024,13-08-2024,10859579205,Prospect,,Sales AM 2,Non Supporters,Former Client
SalA111, Jennifer Jones,Jones Group,31,jennifer85@jonesgroup.com,Claytonland,Kansas,Isle of Man,Financial Advisor,10-08-2024,10-08-2024,19436612758,Former Client,,Sales AM 2,Active Client,Former Client
SalA112, Elizabeth Line,"Richards, Brooks and Marshall",45,linelizabeth@richardsbrooksandmarshall.com,South Richard,New Jersey,Tanzania,Broker Dealer,22-03-2024,29-07-2024,19629263835,Former Client,,Sales AM 2,Non Supporters,Former Client
SalA113, Ivan Coleman,"Cook, Howard and Randall",37,colemanivan@cookhowardandrandall.com,Danside,Indiana,Anguilla,Institutional Investor,30-04-2024,28-08-2024,15436930795,Prospect,,Sales AM 2,Non Supporters,Former Client
SalA114, Y. Kim ,Ingram Inc,40,ykim@ingraminc.com,,Mississippi,United States Virgin Islands,Broker Dealer,13-04-2024,13-04-2024,18476809180,Client,Missing Record,Sales AM 2,Early Client,Early Client
SalA115, Janet Gibbs,Gibbs Ltd,40,janet96@gibbsltd.com,South Hayley,Nebraska,Afghanistan,Broker Dealer,08-06-2024,08-06-2024,17100980245,Former Client,,Sales AM 2,Potential Client,Potential Client
SalA116, E. Morris ,"Moore, James and Green",38,emorris@moorejamesandgreen.com,Port Brad,Colorado,Jordan,Family Office,15-02-2024,15-02-2024,18403656863,Former Client,,Sales AM 2,Active Client,Former Client
SalA117,Steven Maxwell,"Powell, Parker and Chavez",46,amy39@powellparkerandchavez.com,Bakerton,North Dakota,Mayotte,Financial Advisor,02-03-2024,07-11-2024,14508274213,Prospect,,Sales AM 2,Non Supporters,Former Client
SalA118, Richard McCarty,"Walton, Webster and Patrick",46,mccartyrichard@waltonwebsterandpatrick.com,Port Josemouth,Wyoming,Central African Republic,RIA,06-04-2024,30-05-2024,14176573528,Prospect,,Sales AM 2,Non Supporters,Former Client
SalA119, Tina Wood,Wood and Sons,39,tina09@woodandsons.com,Tammyville,Illinois,United States of America,Broker Dealer,31-01-2024,22-11-2024,19458196466,Former Client,,Sales AM 2,Active Client,Former Client
SalA120, Heather Adams,"Adams, Rogers and Webb",42,heather68@adamsrogersandwebb.com,Ashleyfurt,Alabama,Brunei Darussalam,Broker Dealer,21-01-2024,21-01-2024,19771677490,Former Client,Stale Records,Sales AM 2,Former Client,Former Client
SalA121,Casey Davis,Fox-Chen,37,williamscarmen@fox-chen.com,Gallegosmouth,Kentucky,Nepal,RIA,28-01-2024,28-01-2024,19918470772,Client,,Sales AM 2,Potential Client,Former Client
SalA122,Elizabeth Gonzalez,"Harrell, Long and Duran",41,barrychapman@harrelllongandduran.com,Brownfurt,Maryland,Mexico,Institutional Investor,29-03-2024,17-05-2024,18381575370,Client,,Sales AM 2,Potential Client,Former Client
SalA123, James Carson,"Carson, Peck and Aguirre",45,james61@carsonpeckandaguirre.com,Port Debraview,Massachusetts,Italy,Financial Advisor,24-04-2024,24-04-2024,10255498204,Former Client,,Sales AM 2,Active Client,Former Client
SalA124,Alan Davis,Martinez-Harris,47,robert84@martinez-harris.com,,Montana,Macedonia,Financial Advisor,03-05-2024,03-05-2024,16043955559,Client,Missing Record,Sales AM 2,Potential Client,Former Client
SalA125, Bradley McDowell,Mcdowell-Steele,50,bradley42@mcdowell-steele.com,Walkerborough,Alabama,Russian Federation,RIA,22-02-2024,27-06-2024,18235712598,Former Client,,Sales AM 2,Active Client,Former Client
SalA126, Jessica Robertson,Rogers-Castro,37,jessicarobertson@rogers-castro.com,Lake Christopherborough,Ohio,Nepal,Institutional Investor,03-06-2024,03-06-2024,10633772337,Prospect,,Sales AM 2,Non Supporters,Former Client
SalA127, M. Martinez ,Jones PLC,48,mmartinez@jonesplc.com,West David,Missouri,Guam,Family Office,25-01-2024,21-12-2024,16049271609,Prospect,,Sales AM 2,Non Supporters,Former Client
SalA128, Jared Baker,Pena-Roberts,48,bakerjared@pena-roberts.com,Johnsonfort,South Carolina,Romania,Financial Advisor,12-05-2024,19-06-2024,17855277022,Prospect,,Sales AM 2,Non Supporters,Former Client
SalA129, John Flynn,Hill Ltd,39,flynnjohn@hillltd.com,Nguyenfurt,Illinois,Samoa,Institutional Investor,24-10-2024,24-10-2024,16400570839,Former Client,,Sales AM 2,Active Client,Former Client
SalA130, I. Ross ,Schneider Inc,38,iross@schneiderinc.com,Lake Tarafurt,Maryland,Montserrat,RIA,31-10-2024,31-10-2024,14649912505,Former Client,,Sales AM 2,Active Client,Former Client
SalA131, Go Connor ,Long-Johnson,35,goconnor@long-johnson.com,Michaelview,Michigan,Gambia,RIA,09-03-2024,28-12-2024,14736992254,Former Client,,Sales AM 2,Active Client,Former Client
SalA132, Lisa Marshall,"Ingram, Glover and Roberts",46,lisamarshall@ingramgloverandroberts.com,Bennettview,California,Montenegro,Institutional Investor,12-09-2024,12-09-2024,13691848562,Former Client,,Sales AM 2,Active Client,Former Client
SalA133, Kevin Garcia,Williams LLC,41,kevingarcia@williamsllc.com,North Shelley,Nevada,Switzerland,Broker Dealer,19-07-2024,19-07-2024,12151896794,Client,,Sales AM 2,Active Client,Potential Client
SalA134, Earl Anderson,Anderson-Watson,36,earl91@anderson-watson.com,Lake Miguel,,,Family Office,11-08-2024,11-08-2024,15820951335,Former Client,Missing Record,Sales AM 2,Former Client,Former Client
SalA135, Brett Miles,"Bowen, Pitts and Hansen",50,milesbrett@bowenpittsandhansen.com,Alvaradotown,Texas,Marshall Islands,Broker Dealer,16-04-2024,16-04-2024,13863939369,Former Client,,Sales AM 2,Active Client,Former Client
SalA136, Alexandria Valencia,"Mendez, Tran and Miller",46,alexandriavalencia@mendeztranandmiller.com,Clarenceberg,Georgia,Sao Tome and Principe,Institutional Investor,20-06-2024,20-06-2024,12007945730,Former Client,,Sales AM 2,Active Client,Non Supporters
SalA137, Cathy Jefferson,"Kim, Sparks and Montgomery",40,jeffersoncathy@kimsparksandmontgomery.com,Mooreside,South Carolina,Greece,Financial Advisor,12-01-2024,18-11-2024,11145552378,Former Client,,Sales AM 2,Active Client,Non Supporters
SalA138, Paula Kennedy,Burgess and Sons,45,kennedypaula@burgessandsons.com,Christopherville,New Jersey,Japan,Institutional Investor,30-05-2024,20-06-2024,19897490267,Former Client,,Sales AM 2,Active Client,Non Supporters
SalA139, Kendra Bolton,"Kemp, Martin and Walker",43,boltonkendra@kempmartinandwalker.com,North Jack,Alabama,Iraq,RIA,21-01-2024,21-01-2024,11377090281,Client,Stale Records,Sales AM 2,Potential Client,Former Client
SalA140, F. Griffith ,"Wells, Lewis and Johnson",47,fgriffith@wellslewisandjohnson.com,New Josephhaven,Hawaii,Azerbaijan,RIA,12-09-2024,22-12-2024,12822750907,Client,,Sales AM 2,Potential Client,Former Client
SalA141,Micheal Johnson,"Rowland, Hernandez and Arnold",48,llarsen@rowlandhernandezandarnold.com,Kyleview,Arizona,French Guiana,Financial Advisor,31-08-2024,24-09-2024,17164101209,Client,,Sales AM 2,Potential Client,Former Client
SalA142,James Woodard,"Adams, Hoffman and Sims",50,geoffrey61@adamshoffmanandsims.com,Johnchester,Maine,Equatorial Guinea,Institutional Investor,27-10-2024,02-11-2024,10004014441,Former Client,,Sales AM 2,Former Client,Non Supporters
SalA143,Melissa Jones,Martinez-Mcmahon,37,jonesmelissa@martinez-mcmahon.com,Cindymouth,Hawaii,Chile,Financial Advisor,05-04-2024,05-04-2024,10591633721,Former Client,,Sales AM 2,Active Client,Non Supporters
SalA144, Billy Wright,Wright-Parker,40,billy40@wright-parker.com,East Catherine,Louisiana,Cape Verde,Family Office,20-09-2024,24-11-2024,16168861328,Former Client,,Sales AM 2,Active Client,Non Supporters
SalA145, Peggy Campbell,Robinson and Sons,34,campbellpeggy@robinsonandsons.com,East Tammymouth,Minnesota,Belgium,Family Office,30-04-2024,30-04-2024,12698944676,Former Client,,Sales AM 2,Non Supporters,Non Supporters
SalA146, Julie Taylor,Taylor-Erickson,38,julie27@taylor-erickson.com,Kimberlyfort,New York,Armenia,Institutional Investor,08-08-2024,14-08-2024,14598084463,Former Client,,Sales AM 2,Potential Client,Potential Client
SalA147,Michael Baldwin,Woods-Anderson,45,diane68@woods-anderson.com,,Florida,Moldova,Institutional Investor,26-03-2024,27-11-2024,15880188249,Client,Missing Record,Sales AM 2,Potential Client,Former Client
SalA148,Michael Moore,Thomas PLC,38,jwalker@thomasplc.com,Karenland,Arizona,Libyan Arab Jamahiriya,Institutional Investor,11-05-2024,11-05-2024,16908179186,Former Client,,Sales AM 2,Active Client,Non Supporters
SalA149,Patricia Barnes Craig,Smith-Cole,39,craig06@smith-cole.com,East Laurieville,Wyoming,Fiji,Institutional Investor,08-08-2024,10-09-2024,10723403022,Former Client,,Sales AM 2,Active Client,Non Supporters
SalA150, Christina Friedman,"Friedman, Martinez and Meyers",48,christina22@friedmanmartinezandmeyers.com,Lake Paulberg,Rhode Island,Puerto Rico,Broker Dealer,28-03-2024,03-07-2024,19069987219,Prospect,,Sales AM 2,Non Supporters,Former Client
SalA151, Richard Price,Jones and Sons,35,richardprice@jonesandsons.com,West Barbara,Arizona,Palau,Institutional Investor,17-04-2024,09-06-2024,18728480550,Prospect,,Sales AM 2,Non Supporters,Former Client
SalA152, L. Sutton ,Jacobs Group,35,lsutton@jacobsgroup.com,Gonzalezbury,Iowa,Tanzania,Financial Advisor,06-10-2024,06-10-2024,18089039003,Prospect,,Sales AM 2,Non Supporters,Former Client
SalA153, Jessica Elliott,Fitzpatrick-Smith,48,jessicaelliott@fitzpatrick-smith.com,Port William,Michigan,Mayotte,RIA,28-03-2024,28-03-2024,16112382540,Former Client,,Sales AM 2,Potential Client,Potential Client
SalA154, X. Carpenter ,"Medina, Greene and Thompson",32,xcarpenter@medinagreeneandthompson.com,North Zacharyville,New York,Macao,Broker Dealer,12-04-2024,03-08-2024,16293507575,Former Client,,Sales AM 2,Non Supporters,Non Supporters
SalA155, Katie Kelly,"Johnson, Moore and Brown",46,kellykatie@johnsonmooreandbrown.com,New Melissaland,Florida,India,Family Office,25-06-2024,03-10-2024,18489112348,Client,,Sales AM 2,Potential Client,Former Client
SalA156, Natalie Carter,Strong Ltd,48,nataliecarter@strongltd.com,Pruittland,Tennessee,Tuvalu,Financial Advisor,05-08-2024,07-08-2024,17376626392,Former Client,,Sales AM 2,Active Client,Non Supporters
SalA157, Mary Holmes,Johnson-Silva,41,holmesmary@johnson-silva.com,West Deanna,Arizona,Mayotte,Broker Dealer,14-01-2024,13-11-2024,15476214502,Client,,Sales AM 2,Potential Client,Former Client
SalA158,William Johnson,Wood-Frey,34,julie76@wood-frey.com,Taylorfurt,Oklahoma,Kazakhstan,Broker Dealer,26-02-2024,28-08-2024,12212718689,Client,,Sales AM 2,Potential Client,Former Client
SalA159, Tamara Hernandez,Mitchell and Sons,34,tamarahernandez@mitchellandsons.com,Johnmouth,Florida,Myanmar,Family Office,21-01-2024,21-01-2024,17725523687,Prospect,Stale Records,Sales AM 2,Non Supporters,Former Client
SalA160, Ashley Wolf,"Wolf, Skinner and Barrera",42,ashley99@wolfskinnerandbarrera.com,Deanmouth,New York,Austria,Family Office,29-02-2024,05-07-2024,19023919121,Former Client,,Sales AM 2,Non Supporters,Non Supporters
SalA161, Lauren James,"James, Lynn and Oneill",31,lauren40@jameslynnandoneill.com,Lake Hannahport,Wyoming,Burkina Faso,Family Office,27-06-2024,04-10-2024,12677175048,Former Client,,Sales AM 2,Active Client,Active Client
SalA162, N. Rose ,"Gordon, Winters and Gomez",38,nrose@gordonwintersandgomez.com,Jasonview,Tennessee,Palau,Institutional Investor,31-01-2024,31-01-2024,18475816261,Former Client,,Sales AM 2,Potential Client,Potential Client
SalA163, D. Pineda ,Gonzalez-Fields,34,dpineda@gonzalez-fields.com,Robersonhaven,Kentucky,Montserrat,Financial Advisor,11-04-2024,11-04-2024,13717173118,Former Client,,Sales AM 2,Active Client,Active Client
SalA164, Jennifer Gutierrez,Anderson-Clark,32,jennifergutierrez@anderson-clark.com,Pricemouth,North Carolina,Malawi,RIA,26-06-2024,26-06-2024,10689454861,Prospect,,Sales AM 2,Non Supporters,Former Client
SalA165, Felicia Kennedy,Simon-Morales,44,feliciakennedy@simon-morales.com,Allisonfurt,Hawaii,Guatemala,Family Office,28-08-2024,28-08-2024,13601691013,Former Client,,Sales AM 2,Potential Client,Potential Client
SalA166, Erica Vasquez,"Strong, Gonzalez and Morales",42,vasquezerica@stronggonzalezandmorales.com,South Kristin,Washington,Norfolk Island,Family Office,24-05-2024,24-05-2024,12216042371,Former Client,,Sales AM 2,Active Client,Active Client
SalA167, Debbie Fisher,"Morgan, Richardson and Mccoy",30,debbiefisher@morganrichardsonandmccoy.com,North Chelsea,New Hampshire,United States Virgin Islands,Financial Advisor,29-04-2024,21-08-2024,13533391065,Former Client,,Sales AM 2,Active Client,Active Client
SalA168, D. Murray ,Rollins-Gray,35,dmurray@rollins-gray.com,North Jenniferfurt,Mississippi,Bermuda,Broker Dealer,13-02-2024,13-02-2024,14090609703,Former Client,,Sales AM 2,Active Client,Active Client
SalA169, Christina Taylor,"Taylor, Cook and Williams",45,christina76@taylorcookandwilliams.com,Morganview,Maine,Uzbekistan,Institutional Investor,19-09-2024,19-09-2024,17360360056,Former Client,,Sales AM 2,Non Supporters,Non Supporters
