Email Address,Campaign Name,Send Date,Send,Delivered,Open,Click,Subject Line,URL Clicked
claudia.george@montgomery-zimmerman.com,Supply Chain Investment Opportunities,29-10-2024,5,5,4,2,Supply Chain Insights: Investment Opportunities,http://allen.com/
ruth02@armstrongplc.com,Portfolio Optimization Techniques,03-12-2024,2,2,1,1,Asset Allocation: Balancing Risk and Reward,http://allen.com/
williamshelton@gibsonwelchandtaylor.com,Strategies for High-Yield Investments,08-09-2024,2,2,1,1,Value Investing: Finding Undervalued Assets,http://allen.com/
barrychapman@harrelllongandduran.com,Investing in Emerging Markets,31-12-2024,2,2,1,1,Investment Planning: Strategies for 2025,http://braun.com/
elizabethshaffer@warrengroup.com,Understanding Market Corrections,04-10-2024,2,2,2,2,Market Corrections: How to Navigate the Downturn,http://cohen.com/
claudia.george@montgomery-zimmerman.com,Diversification Strategies for Growth,26-11-2024,5,5,5,2,Diversification: A Key to Investment Growth,http://gonzalez.info/
afowler@nixongroup.com,Real Estate Investment Outlook,31-10-2024,2,2,1,1,Behavioral Finance: Understanding Investor Psychology,http://gonzalez.info/
rogersjennifer@bakerplc.com,Tax-Efficient Investing Strategies,31-08-2024,4,4,4,4,Tax-Efficient Investing: Maximize Your Returns,http://green.biz/
millersarah@brown-rodriguez.com,Fixed Income Market Update,25-11-2024,2,2,1,1,Digital Economy: Investment Opportunities in Tech,http://green.biz/
earl91@anderson-watson.com,Understanding Risk Management,31-12-2024,2,2,1,1,Retirement Planning: Secure Your Future,http://guerra.com/
tamarahernandez@mitchellandsons.com,Understanding Investment Options,28-12-2024,2,2,1,1,Navigating Long-Term Market Dynamics,http://guerra.com/
ykim@ingraminc.com,Long-Term Investing for Wealth,31-12-2024,2,2,1,1,Maximize Your Tax Benefits with Smart Investments,http://guerra.com/
nrose@gordonwintersandgomez.com,The Power of Compound Interest,31-12-2024,2,2,1,1,Innovation in Investment: New Strategies for Growth,http://hansen.com/
michaelyoung@leeshawandhall.com,Retirement Planning Essentials,13-09-2024,5,4,4,1,Retirement Planning: Secure Your Future,http://hernandez.com/
fbrown@keith-sims.com,Supply Chain Investment Opportunities,13-08-2024,2,2,1,1,Retirement Investing: Strategies for a Secure Future,http://hernandez.com/
nrose@gordonwintersandgomez.com,Retirement Planning Essentials,31-12-2024,2,2,1,1,Explore Alternative Investment Strategies,http://hernandez.com/
nrose@gordonwintersandgomez.com,Portfolio Optimization Strategies,31-12-2024,2,2,1,1,Financial Literacy: Empowering Your Investment Decisions,http://hernandez.com/
rogersjennifer@bakerplc.com,Supply Chain Investment Opportunities,16-10-2024,7,6,4,4,Supply Chain Insights: Investment Opportunities,http://hodge.info/
coreyharrell@norris-brown.com,Tech Sector Investment Outlook,20-06-2024,3,2,2,2,Tech Sector Outlook: Where to Invest Now,http://johnson.biz/
camachodon@jackson-charles.com,The Importance of Financial Literacy,16-10-2024,7,7,7,2,Financial Literacy: Empowering Your Investment Decisions,http://kirby.com/
morrispamela@lee-anderson.com,The Role of a Financial Advisor,22-09-2024,2,2,1,1,Value Investing: Finding Undervalued Opportunities,http://kirby.com/
rhurst@larsongroup.com,Investment Strategies for Retirement,14-10-2024,6,6,6,5,Retirement Investing: Strategies for a Secure Future,http://lester.com/
mcdonaldashley@rayltd.com,Understanding Investment Time Horizons,30-10-2024,2,2,1,1,Long-Term Investing: Building Wealth Over Time,http://lester.com/
camachodon@jackson-charles.com,Strategies for Income Investing,09-09-2024,7,3,3,3,Income Investing: Generating Consistent Returns,http://lewis-campbell.com/
cameronthomas@richmondowensandromero.com,Emerging Markets Investment Guide,14-09-2024,2,2,1,1,Market Trends: What Investors Need to Know,http://lewis-campbell.com/
jennifergutierrez@anderson-clark.com,Investing in the Digital Economy,31-12-2024,2,2,1,1,Income Investing: Generating Consistent Returns,http://lewis-campbell.com/
coreyharrell@norris-brown.com,Portfolio Optimization Strategies,28-09-2024,3,3,3,2,Optimize Your Portfolio for Long-Term Growth,http://mcdonald.com/
michaelyoung@leeshawandhall.com,Understanding Market Cycles,23-06-2024,2,2,2,2,Market Cycles: Understanding the Trends,http://pearson.net/
bradcurtis@long-molina.com,The Impact of Global Events on Markets,31-12-2024,2,2,1,1,Investment Time Horizons: Aligning with Your Goals,http://pearson.net/
ykim@ingraminc.com,Secular Outlook,31-12-2024,2,2,1,1,Building Stronger Partnerships with You,http://pearson.net/
vgordon@bennett-sullivan.com,Understanding Investment Options,28-10-2024,2,2,1,1,Diversification: Why It's Crucial for Your Portfolio,http://reynolds.com/
amanda01@williams-austin.com,Strategies for Income Investing,29-12-2024,2,2,1,1,Private Equity: Insights for Sophisticated Investors,http://reynolds.com/
camachodon@jackson-charles.com,Understanding Investment Risk Tolerance,23-08-2024,10,2,1,1,Risk Tolerance: Understanding Your Investment Comfort,http://smith.com/
claudia.george@montgomery-zimmerman.com,Real Estate Investment Outlook,25-08-2024,5,4,2,1,Real Estate Outlook: Opportunities for Investors,http://smith.com/
bhines@leeinc.com,Strategies for Long-Term Wealth Building,08-06-2024,2,2,1,1,Private Equity: Insights for Sophisticated Investors,http://smith.com/
christina76@taylorcookandwilliams.com,ESG ETF,31-12-2024,2,2,1,1,Risk Management: Protecting Your Investments,http://smith.com/
penningtontristan@nguyenclarkandwilliams.com,The Impact of Global Events on Markets,22-07-2024,2,2,1,1,Inflation's Impact: How to Protect Your Portfolio,http://smith-hernandez.com/
michaelyoung@leeshawandhall.com,Year-End Portfolio Review,22-09-2024,2,2,2,2,Year-End Portfolio Review: Plan for the New Year,http://vasquez-stuart.com/
johnsonmisty@chamberspageandwhitaker.com,The Power of Compound Interest,04-08-2024,8,8,7,4,Compound Interest: The Key to Long-Term Growth,http://white.net/
rebecca81@mayplc.com,Private Equity Investment Insights,18-11-2024,2,2,1,1,Asset Allocation: Balancing Risk and Return,http://white.net/
johnsonmisty@chamberspageandwhitaker.com,Understanding Market Volatility,30-07-2024,3,3,3,3,Market Volatility: How to Navigate the Ups and Downs,http://www.abbott.org/
joseph.duran@larsonandsons.com,The Role of a Financial Advisor,09-09-2024,2,2,1,1,Private Equity: Insights for Sophisticated Investors,http://www.abbott.org/
michaelyoung@leeshawandhall.com,Understanding Market Cycles,09-06-2024,2,2,1,1,Long-Term Wealth Building: Strategies for Success,http://www.abbott.org/
camachodon@jackson-charles.com,Understanding Market Trends,15-08-2024,2,2,2,2,Market Trends: What Investors Need to Know,http://www.carey-randall.com/
hhatfield@hillbatesandkelly.com,Understanding Investment Risk Tolerance,05-10-2024,2,2,1,1,Private Equity: Insights for Sophisticated Investors,http://www.carey-randall.com/
coreyharrell@norris-brown.com,Global Investment Opportunities,20-07-2024,6,6,4,3,Uncover Global Investment Opportunities,http://www.curry.com/
michaelyoung@leeshawandhall.com,Understanding Market Volatility,13-09-2024,2,2,1,1,Long-Term Investing: Building Wealth Over Time,http://www.curry.com/
deanmckenzie@simpsonplc.com,Understanding Risk Management,28-10-2024,2,2,1,1,Financial Advisors: How They Can Help You,http://www.dixon.info/
coreyharrell@norris-brown.com,Tax-Efficient Investing Strategies,06-06-2024,5,5,5,2,Tax-Efficient Investing: Maximize Your Returns,http://www.drake-miller.info/
kevin02@hoodharrisonandblackwell.com,Investing in Global Markets,08-09-2024,2,2,1,1,Investment Options: A Guide to Different Asset Classes,http://www.drake-miller.info/
elizabethshaffer@warrengroup.com,Understanding Investment Risk,22-11-2024,9,5,5,2,Investment Risk: Understanding and Managing It,http://www.duran-black.net/
camachodon@jackson-charles.com,Strategies for Growth Investing,04-06-2024,8,2,2,2,Growth Investing: Strategies for High Returns,http://www.hamilton.com/
rogersjennifer@bakerplc.com,Understanding Market Cycles,20-11-2024,3,3,3,1,Market Cycles: Understanding the Trends,http://www.henderson-hubbard.org/
christina05@campbellhillandparrish.com,Strategies for Growth Investing,31-12-2024,2,2,1,1,Diversification: Why It's Crucial for Your Portfolio,http://www.henderson-hubbard.org/
rebecca81@mayplc.com,Building a Strong Financial Foundation,15-07-2024,2,2,1,1,Market Corrections: How to Prepare Your Portfolio,http://www.henderson-hubbard.org/
rflores@mccann-johnson.com,Understanding Market Corrections,28-10-2024,2,2,1,1,Compounding Returns: The Key to Long-Term Growth,http://www.henderson-hubbard.org/
rhurst@larsongroup.com,Understanding Investment Risk Tolerance,02-07-2024,5,2,2,2,Risk Tolerance: Understanding Your Investment Comfort,http://www.king.org/
rhurst@larsongroup.com,Strategies for Long-Term Wealth Building,01-08-2024,6,3,1,1,Long-Term Wealth Building: Strategies for Success,http://www.mcmahon.net/
coreyharrell@norris-brown.com,Understanding Market Cycles,24-10-2024,2,2,2,2,Market Cycles: Understanding the Trends,http://www.ortiz.com/
christina05@campbellhillandparrish.com,Investment Strategies for Beginners,31-12-2024,2,2,1,1,ESG Investing: The Future of Sustainable Finance,http://www.ortiz.com/
qwall@hanna-sloan.com,Secular Outlook,21-06-2024,2,2,1,1,Digital Economy: Investment Opportunities in Tech,http://www.ortiz.com/
rogersjennifer@bakerplc.com,Alternative Investment Strategies,06-01-2025,8,8,4,3,Explore Alternative Investment Strategies,http://www.peters.com/
rhurst@larsongroup.com,The Importance of Financial Literacy,01-07-2024,10,4,4,2,Financial Literacy: Empowering Your Investment Decisions,http://www.rodriguez.org/
vasquezerica@stronggonzalezandmorales.com,Investment Planning for 2025,31-12-2024,2,2,1,1,Boost Your Portfolio Performance,http://www.rodriguez.org/
elizabethshaffer@warrengroup.com,Investing in the Digital Economy,09-07-2024,10,9,6,2,Digital Economy: Investment Opportunities in Tech,http://www.sullivan-warren.com/
jessicaelliott@fitzpatrick-smith.com,The Power of Compound Interest,31-12-2024,2,2,1,1,Maximize Your Tax Benefits with Smart Investments,http://www.thomas-young.com/
michaelyoung@leeshawandhall.com,Market Insights: Navigating Volatility,14-10-2024,5,5,2,2,Navigating Market Volatility: Strategies for Success,http://www.turner.com/
colemanivan@cookhowardandrandall.com,Understanding Risk Management,31-12-2024,2,2,1,1,Portfolio Review: Why It's Essential for Success,http://www.turner.com/
hhatfield@hillbatesandkelly.com,Event Mail,12-07-2024,2,2,1,1,Save More with These Tax Tips,http://www.turner.com/
johnsonmisty@chamberspageandwhitaker.com,Strategies for Tax-Efficient Investing,13-08-2024,3,3,3,1,Tax-Efficient Investing: Maximize Your Returns,http://www.vasquez-cooper.org/
camachodon@jackson-charles.com,The Impact of Interest Rates,16-07-2024,6,6,6,5,Interest Rates: How They Affect Your Investments,http://www.williams.com/
morrispamela@lee-anderson.com,Investment Strategies for Beginners,04-11-2024,2,2,1,1,Financial Literacy: Empowering Your Investment Decisions,http://www.wilson.com/
rogersjennifer@bakerplc.com,Global Investment Opportunities,22-09-2024,3,3,3,2,Uncover Global Investment Opportunities,http://www.young.com/
joseph.duran@larsonandsons.com,Relationship Building,15-10-2024,1,1,1,1,Building Stronger Partnerships with You,https://assetmanagement.com/about-us/partnerships
joseph.duran@larsonandsons.com,Relationship Building,23-06-2024,1,1,1,1,Building Stronger Partnerships with You,https://assetmanagement.com/about-us/partnerships
xcarpenter@medinagreeneandthompson.com,Building a Strong Financial Foundation,31-12-2024,2,2,1,1,Asset Allocation: Balancing Risk and Return,https://assetmanagement.com/about-us/partnerships
claudia.george@montgomery-zimmerman.com,Event Mail,09-09-2024,1,1,1,1,Join Our Exclusive Investment Webinar,https://assetmanagement.com/events/investment-webinar
claudia.george@montgomery-zimmerman.com,Event Mail,26-09-2024,1,1,1,1,Join Our Exclusive Investment Webinar,https://assetmanagement.com/events/investment-webinar
joseph.duran@larsonandsons.com,Event Mail,21-09-2024,1,1,1,1,Join Our Exclusive Investment Webinar,https://assetmanagement.com/events/investment-webinar
joseph.duran@larsonandsons.com,Event Mail,19-08-2024,1,1,1,1,Join Our Exclusive Investment Webinar,https://assetmanagement.com/events/investment-webinar
joseph.duran@larsonandsons.com,Event Mail,23-06-2024,1,1,1,1,Join Our Exclusive Investment Webinar,https://assetmanagement.com/events/investment-webinar
millersarah@brown-rodriguez.com,Global Investment Opportunities,11-06-2024,2,2,1,1,Year-End Portfolio Review: Plan for the New Year,https://assetmanagement.com/events/investment-webinar
johnsonmisty@chamberspageandwhitaker.com,Fixed Income Market Update,19-12-2024,2,2,1,1,Compounding Returns: The Key to Long-Term Growth,https://assetmanagement.com/events/investment-webinar
walter26@farrellericksonandfrost.com,Retirement Planning Essentials,16-06-2024,2,2,1,1,Retirement Investing: Strategies for a Secure Future,https://assetmanagement.com/events/investment-webinar
claudia.george@montgomery-zimmerman.com,Market Commentary,22-08-2024,1,1,1,1,Latest Market Update: What You Need to Know,https://assetmanagement.com/insights/market-commentary
claudia.george@montgomery-zimmerman.com,Market Commentary,27-10-2024,1,1,1,1,Latest Market Update: What You Need to Know,https://assetmanagement.com/insights/market-commentary
joseph.duran@larsonandsons.com,Market Commentary,29-11-2024,1,1,1,1,Latest Market Update: What You Need to Know,https://assetmanagement.com/insights/market-commentary
joseph.duran@larsonandsons.com,Market Commentary,28-11-2024,1,1,1,1,Latest Market Update: What You Need to Know,https://assetmanagement.com/insights/market-commentary
claudia.george@montgomery-zimmerman.com,Secular Outlook,08-09-2024,1,1,1,1,Navigating Long-Term Market Dynamics,https://assetmanagement.com/insights/secular-outlook
joseph.duran@larsonandsons.com,Secular Outlook,10-08-2024,1,1,1,1,Navigating Long-Term Market Dynamics,https://assetmanagement.com/insights/secular-outlook
joseph.duran@larsonandsons.com,Secular Outlook,28-07-2024,1,1,1,1,Navigating Long-Term Market Dynamics,https://assetmanagement.com/insights/secular-outlook
joseph.duran@larsonandsons.com,Secular Outlook,11-07-2024,1,1,1,1,Navigating Long-Term Market Dynamics,https://assetmanagement.com/insights/secular-outlook
stewartamanda@bullockburnsandstevens.com,Understanding Market Sentiment,12-11-2024,2,2,1,1,Supply Chain Insights: Investment Opportunities,https://assetmanagement.com/insights/secular-outlook
bakerian@adams-wagner.com,Understanding Market Volatility,16-12-2024,2,2,1,1,Real Estate Outlook: Opportunities for Investors,https://assetmanagement.com/insights/secular-outlook
claudia.george@montgomery-zimmerman.com,Thought Leadership,10-06-2024,1,1,1,1,Insights on Future Investment Trends,https://assetmanagement.com/insights/thought-leadership
claudia.george@montgomery-zimmerman.com,Thought Leadership,07-08-2024,1,1,1,1,Insights on Future Investment Trends,https://assetmanagement.com/insights/thought-leadership
claudia.george@montgomery-zimmerman.com,Thought Leadership,23-11-2024,1,1,1,1,Insights on Future Investment Trends,https://assetmanagement.com/insights/thought-leadership
colemanivan@cookhowardandrandall.com,The Importance of Asset Allocation,31-12-2024,2,2,1,1,Maximize Your Tax Benefits with Smart Investments,https://assetmanagement.com/insights/thought-leadership
lsutton@jacobsgroup.com,The Benefits of Diversification,31-12-2024,2,2,1,1,Digital Economy: Investment Opportunities in Tech,https://assetmanagement.com/insights/thought-leadership
claudia.george@montgomery-zimmerman.com,ESG ETF,03-12-2024,1,1,1,1,Explore Sustainable Investment Opportunities with ESG ETFs,https://assetmanagement.com/products/esg-etf
claudia.george@montgomery-zimmerman.com,Tax Saving,04-07-2024,1,1,1,1,Maximize Your Tax Benefits with Smart Investments,https://assetmanagement.com/tax-saving-opportunities
claudia.george@montgomery-zimmerman.com,Tax Saving,04-08-2024,1,1,1,1,Maximize Your Tax Benefits with Smart Investments,https://assetmanagement.com/tax-saving-opportunities
claudia.george@montgomery-zimmerman.com,Tax Saving,09-10-2024,1,1,1,1,Maximize Your Tax Benefits with Smart Investments,https://assetmanagement.com/tax-saving-opportunities
claudia.george@montgomery-zimmerman.com,Tax Saving,24-10-2024,1,1,1,1,Maximize Your Tax Benefits with Smart Investments,https://assetmanagement.com/tax-saving-opportunities
joseph.duran@larsonandsons.com,Tax Saving,23-12-2024,1,1,1,1,Maximize Your Tax Benefits with Smart Investments,https://assetmanagement.com/tax-saving-opportunities
banderson@jordanltd.com,Secular Outlook,05-12-2024,2,2,1,1,Risk Management: Protecting Your Investments,https://assetmanagement.com/tax-saving-opportunities
elizabethshaffer@warrengroup.com,Strategies for High-Growth Investing,02-09-2024,6,6,6,4,High-Growth Investing: Strategies for Maximum Returns,https://baker.info/
rhurst@larsongroup.com,The Benefits of Tax-Advantaged Accounts,19-07-2024,5,5,5,4,Tax-Advantaged Accounts: Maximize Your Savings,https://berry.biz/
ksummers@larsonltd.com,Investing in Emerging Markets,09-08-2024,2,2,1,1,Sustainable Investing: Aligning Values with Returns,https://berry.biz/
linelizabeth@richardsbrooksandmarshall.com,Strategies for Tax-Efficient Investing,31-12-2024,2,2,1,1,Value Investing: Finding Undervalued Opportunities,https://berry.biz/
coreyharrell@norris-brown.com,Market Insights: Navigating Volatility,02-09-2024,3,3,3,3,Navigating Market Volatility: Strategies for Success,https://brown.info/
camachodon@jackson-charles.com,The Benefits of Diversification,17-07-2024,8,2,2,2,Diversification: A Key to Reducing Risk,https://david.org/
michaelyoung@leeshawandhall.com,Investment Planning for 2025,30-07-2024,5,5,2,2,Investment Planning: Strategies for 2025,https://dennis.org/
brooksjose@gonzalez-holland.com,Exclusive Webinar Invitation,29-12-2024,1,1,0,1,Join Us for an Exclusive Webinar,https://example.com/exclusive-webinar-invitation
caseydavid@martinllc.com,Exclusive Webinar Invitation,29-12-2024,1,1,0,1,Save More with These Tax Tips,https://example.com/exclusive-webinar-invitation
dconner@graves-chapman.com,Exclusive Webinar Invitation,31-12-2024,1,1,1,1,Don't Miss: Year-End Strategies for Growth,https://example.com/exclusive-webinar-invitation
dconner@graves-chapman.com,Exclusive Webinar Invitation,23-12-2024,1,1,1,1,Join Us for an Exclusive Webinar,https://example.com/exclusive-webinar-invitation
elizabethshaffer@warrengroup.com,Exclusive Webinar Invitation,19-12-2024,1,1,0,1,Boost Your Portfolio Performance,https://example.com/exclusive-webinar-invitation
elizabethshaffer@warrengroup.com,Exclusive Webinar Invitation,06-12-2024,1,1,0,1,Boost Your Portfolio Performance,https://example.com/exclusive-webinar-invitation
elizabethshaffer@warrengroup.com,Exclusive Webinar Invitation,22-12-2024,1,1,1,1,What's Next in the Market?,https://example.com/exclusive-webinar-invitation
john54@crawfordgroup.com,Exclusive Webinar Invitation,06-12-2024,1,1,0,1,What's Next in the Market?,https://example.com/exclusive-webinar-invitation
kenneth60@clark-cox.com,Exclusive Webinar Invitation,02-12-2024,1,1,0,1,Join Us for an Exclusive Webinar,https://example.com/exclusive-webinar-invitation
ksummers@larsonltd.com,Exclusive Webinar Invitation,23-12-2024,1,1,0,1,Don't Miss: Year-End Strategies for Growth,https://example.com/exclusive-webinar-invitation
ksummers@larsonltd.com,Exclusive Webinar Invitation,06-12-2024,1,1,0,1,Boost Your Portfolio Performance,https://example.com/exclusive-webinar-invitation
kyoung@nunez-nguyen.com,Exclusive Webinar Invitation,25-12-2024,1,1,1,1,Join Us for an Exclusive Webinar,https://example.com/exclusive-webinar-invitation
kyoung@nunez-nguyen.com,Exclusive Webinar Invitation,10-12-2024,1,1,1,1,What's Next in the Market?,https://example.com/exclusive-webinar-invitation
maciasoscar@lee-lyons.com,Exclusive Webinar Invitation,30-12-2024,1,1,1,1,Join Us for an Exclusive Webinar,https://example.com/exclusive-webinar-invitation
marcusmay@deanllc.com,Exclusive Webinar Invitation,12-12-2024,1,1,0,1,Save More with These Tax Tips,https://example.com/exclusive-webinar-invitation
omunoz@curtisltd.com,Exclusive Webinar Invitation,01-12-2024,1,1,0,1,What's Next in the Market?,https://example.com/exclusive-webinar-invitation
rebecca81@mayplc.com,Exclusive Webinar Invitation,13-12-2024,1,1,1,1,Join Us for an Exclusive Webinar,https://example.com/exclusive-webinar-invitation
rebecca81@mayplc.com,Exclusive Webinar Invitation,18-12-2024,1,1,0,1,What's Next in the Market?,https://example.com/exclusive-webinar-invitation
rebecca81@mayplc.com,Exclusive Webinar Invitation,04-12-2024,1,1,0,1,Boost Your Portfolio Performance,https://example.com/exclusive-webinar-invitation
russelllinda@carlsonallenandjackson.com,Exclusive Webinar Invitation,23-12-2024,1,1,0,1,Save More with These Tax Tips,https://example.com/exclusive-webinar-invitation
russelllinda@carlsonallenandjackson.com,Exclusive Webinar Invitation,19-12-2024,1,1,0,1,Boost Your Portfolio Performance,https://example.com/exclusive-webinar-invitation
sandy78@millerdiazandcontreras.com,Exclusive Webinar Invitation,26-12-2024,1,1,0,1,What's Next in the Market?,https://example.com/exclusive-webinar-invitation
sandy78@millerdiazandcontreras.com,Exclusive Webinar Invitation,03-12-2024,1,1,0,1,Don't Miss: Year-End Strategies for Growth,https://example.com/exclusive-webinar-invitation
scarr@sullivankhanandjacobs.com,Exclusive Webinar Invitation,26-12-2024,1,1,0,1,Boost Your Portfolio Performance,https://example.com/exclusive-webinar-invitation
travis03@johnson-sosa.com,Exclusive Webinar Invitation,14-12-2024,1,1,0,1,Save More with These Tax Tips,https://example.com/exclusive-webinar-invitation
vgordon@bennett-sullivan.com,Exclusive Webinar Invitation,05-12-2024,1,1,0,1,Don't Miss: Year-End Strategies for Growth,https://example.com/exclusive-webinar-invitation
wdelacruz@hillandsons.com,Exclusive Webinar Invitation,06-12-2024,1,1,0,1,Boost Your Portfolio Performance,https://example.com/exclusive-webinar-invitation
wdelacruz@hillandsons.com,Exclusive Webinar Invitation,16-12-2024,1,1,0,1,Boost Your Portfolio Performance,https://example.com/exclusive-webinar-invitation
wdelacruz@hillandsons.com,Exclusive Webinar Invitation,14-12-2024,1,1,0,1,Don't Miss: Year-End Strategies for Growth,https://example.com/exclusive-webinar-invitation
xjones@martinezplc.com,Exclusive Webinar Invitation,19-12-2024,1,1,0,1,Join Us for an Exclusive Webinar,https://example.com/exclusive-webinar-invitation
xjones@martinezplc.com,Exclusive Webinar Invitation,26-12-2024,1,1,0,1,Don't Miss: Year-End Strategies for Growth,https://example.com/exclusive-webinar-invitation
brooksjose@gonzalez-holland.com,Market Outlook for 2025,21-12-2024,1,1,0,1,What's Next in the Market?,https://example.com/market-outlook-for-2025
cheryl98@davisinc.com,Market Outlook for 2025,03-12-2024,1,1,0,1,Save More with These Tax Tips,https://example.com/market-outlook-for-2025
coreyharrell@norris-brown.com,Market Outlook for 2025,03-12-2024,1,1,0,1,What's Next in the Market?,https://example.com/market-outlook-for-2025
coreyharrell@norris-brown.com,Market Outlook for 2025,31-12-2024,1,1,1,1,Don't Miss: Year-End Strategies for Growth,https://example.com/market-outlook-for-2025
dconner@graves-chapman.com,Market Outlook for 2025,12-12-2024,1,1,0,1,Don't Miss: Year-End Strategies for Growth,https://example.com/market-outlook-for-2025
dconner@graves-chapman.com,Market Outlook for 2025,27-12-2024,1,1,0,1,Boost Your Portfolio Performance,https://example.com/market-outlook-for-2025
ebonybentley@adamsplc.com,Market Outlook for 2025,05-12-2024,1,1,1,1,Join Us for an Exclusive Webinar,https://example.com/market-outlook-for-2025
elizabethshaffer@warrengroup.com,Market Outlook for 2025,20-12-2024,1,1,0,1,What's Next in the Market?,https://example.com/market-outlook-for-2025
elizabethshaffer@warrengroup.com,Market Outlook for 2025,02-12-2024,1,1,0,1,What's Next in the Market?,https://example.com/market-outlook-for-2025
jacksonjaime@powellinc.com,Market Outlook for 2025,11-12-2024,1,1,1,1,Boost Your Portfolio Performance,https://example.com/market-outlook-for-2025
john54@crawfordgroup.com,Market Outlook for 2025,20-12-2024,1,1,0,1,Don't Miss: Year-End Strategies for Growth,https://example.com/market-outlook-for-2025
kenneth60@clark-cox.com,Market Outlook for 2025,19-12-2024,1,1,0,1,What's Next in the Market?,https://example.com/market-outlook-for-2025
kyoung@nunez-nguyen.com,Market Outlook for 2025,09-12-2024,1,1,0,1,What's Next in the Market?,https://example.com/market-outlook-for-2025
kyoung@nunez-nguyen.com,Market Outlook for 2025,31-12-2024,1,1,0,1,Save More with These Tax Tips,https://example.com/market-outlook-for-2025
marcusmay@deanllc.com,Market Outlook for 2025,02-12-2024,1,1,1,1,What's Next in the Market?,https://example.com/market-outlook-for-2025
marcusmay@deanllc.com,Market Outlook for 2025,11-12-2024,1,1,0,1,Don't Miss: Year-End Strategies for Growth,https://example.com/market-outlook-for-2025
omunoz@curtisltd.com,Market Outlook for 2025,08-12-2024,1,1,0,1,What's Next in the Market?,https://example.com/market-outlook-for-2025
omunoz@curtisltd.com,Market Outlook for 2025,11-12-2024,1,1,0,1,Don't Miss: Year-End Strategies for Growth,https://example.com/market-outlook-for-2025
omunoz@curtisltd.com,Market Outlook for 2025,03-12-2024,1,1,0,1,Boost Your Portfolio Performance,https://example.com/market-outlook-for-2025
omunoz@curtisltd.com,Market Outlook for 2025,18-12-2024,1,1,0,1,What's Next in the Market?,https://example.com/market-outlook-for-2025
russelllinda@carlsonallenandjackson.com,Market Outlook for 2025,15-12-2024,1,1,0,1,Don't Miss: Year-End Strategies for Growth,https://example.com/market-outlook-for-2025
russelllinda@carlsonallenandjackson.com,Market Outlook for 2025,18-12-2024,1,1,0,1,What's Next in the Market?,https://example.com/market-outlook-for-2025
scarr@sullivankhanandjacobs.com,Market Outlook for 2025,24-12-2024,1,1,0,1,Save More with These Tax Tips,https://example.com/market-outlook-for-2025
shannon61@becker-phillips.com,Market Outlook for 2025,25-12-2024,1,1,0,1,Save More with These Tax Tips,https://example.com/market-outlook-for-2025
tinaterry@shawbaileyandsmith.com,Market Outlook for 2025,12-12-2024,1,1,0,1,What's Next in the Market?,https://example.com/market-outlook-for-2025
travis03@johnson-sosa.com,Market Outlook for 2025,27-12-2024,1,1,1,1,Boost Your Portfolio Performance,https://example.com/market-outlook-for-2025
vgordon@bennett-sullivan.com,Market Outlook for 2025,19-12-2024,1,1,0,1,What's Next in the Market?,https://example.com/market-outlook-for-2025
wdelacruz@hillandsons.com,Market Outlook for 2025,09-12-2024,1,1,0,1,Save More with These Tax Tips,https://example.com/market-outlook-for-2025
wdelacruz@hillandsons.com,Market Outlook for 2025,10-12-2024,1,1,1,1,Join Us for an Exclusive Webinar,https://example.com/market-outlook-for-2025
wdelacruz@hillandsons.com,Market Outlook for 2025,28-12-2024,1,1,0,1,Don't Miss: Year-End Strategies for Growth,https://example.com/market-outlook-for-2025
xjones@martinezplc.com,Market Outlook for 2025,22-12-2024,1,1,1,1,Don't Miss: Year-End Strategies for Growth,https://example.com/market-outlook-for-2025
xjones@martinezplc.com,Market Outlook for 2025,22-12-2024,1,1,0,1,Boost Your Portfolio Performance,https://example.com/market-outlook-for-2025
xjones@martinezplc.com,Market Outlook for 2025,29-12-2024,1,1,0,1,Join Us for an Exclusive Webinar,https://example.com/market-outlook-for-2025
penningtontristan@nguyenclarkandwilliams.com,The Future of ESG Investing,09-08-2024,2,2,1,1,Interest Rates: How They Affect Your Investments,https://example.com/market-outlook-for-2025
sfletcher@evans-mullins.com,Emerging Markets Investment Guide,20-11-2024,2,2,1,1,Market Sentiment: How It Affects Your Investments,https://example.com/market-outlook-for-2025
coreyharrell@norris-brown.com,Portfolio Optimization Techniques,18-12-2024,1,1,1,1,Don't Miss: Year-End Strategies for Growth,https://example.com/portfolio-optimization-techniques
dconner@graves-chapman.com,Portfolio Optimization Techniques,20-12-2024,1,1,0,1,Join Us for an Exclusive Webinar,https://example.com/portfolio-optimization-techniques
dconner@graves-chapman.com,Portfolio Optimization Techniques,04-12-2024,1,1,0,1,Save More with These Tax Tips,https://example.com/portfolio-optimization-techniques
hhatfield@hillbatesandkelly.com,Portfolio Optimization Techniques,20-12-2024,1,1,0,1,Don't Miss: Year-End Strategies for Growth,https://example.com/portfolio-optimization-techniques
jacksonjaime@powellinc.com,Portfolio Optimization Techniques,21-12-2024,1,1,0,1,Boost Your Portfolio Performance,https://example.com/portfolio-optimization-techniques
kaitlynblankenship@blackwellsandwalker.com,Portfolio Optimization Techniques,27-12-2024,1,1,0,1,Boost Your Portfolio Performance,https://example.com/portfolio-optimization-techniques
kyoung@nunez-nguyen.com,Portfolio Optimization Techniques,23-12-2024,1,1,0,1,What's Next in the Market?,https://example.com/portfolio-optimization-techniques
kyoung@nunez-nguyen.com,Portfolio Optimization Techniques,02-12-2024,1,1,0,1,Join Us for an Exclusive Webinar,https://example.com/portfolio-optimization-techniques
kyoung@nunez-nguyen.com,Portfolio Optimization Techniques,26-12-2024,1,1,0,1,Boost Your Portfolio Performance,https://example.com/portfolio-optimization-techniques
omunoz@curtisltd.com,Portfolio Optimization Techniques,02-12-2024,1,1,0,1,Save More with These Tax Tips,https://example.com/portfolio-optimization-techniques
omunoz@curtisltd.com,Portfolio Optimization Techniques,29-12-2024,1,1,0,1,Save More with These Tax Tips,https://example.com/portfolio-optimization-techniques
omunoz@curtisltd.com,Portfolio Optimization Techniques,01-12-2024,1,1,0,1,What's Next in the Market?,https://example.com/portfolio-optimization-techniques
rebecca81@mayplc.com,Portfolio Optimization Techniques,26-12-2024,1,1,0,1,Boost Your Portfolio Performance,https://example.com/portfolio-optimization-techniques
rebecca81@mayplc.com,Portfolio Optimization Techniques,01-12-2024,1,1,0,1,Save More with These Tax Tips,https://example.com/portfolio-optimization-techniques
rhurst@larsongroup.com,Portfolio Optimization Techniques,27-12-2024,1,1,0,1,Join Us for an Exclusive Webinar,https://example.com/portfolio-optimization-techniques
rhurst@larsongroup.com,Portfolio Optimization Techniques,04-12-2024,1,1,0,1,Save More with These Tax Tips,https://example.com/portfolio-optimization-techniques
rhurst@larsongroup.com,Portfolio Optimization Techniques,24-12-2024,1,1,0,1,Save More with These Tax Tips,https://example.com/portfolio-optimization-techniques
rogersjennifer@bakerplc.com,Portfolio Optimization Techniques,02-12-2024,1,1,1,1,Save More with These Tax Tips,https://example.com/portfolio-optimization-techniques
russelllinda@carlsonallenandjackson.com,Portfolio Optimization Techniques,12-12-2024,1,1,1,1,Save More with These Tax Tips,https://example.com/portfolio-optimization-techniques
scarr@sullivankhanandjacobs.com,Portfolio Optimization Techniques,03-12-2024,1,1,0,1,Join Us for an Exclusive Webinar,https://example.com/portfolio-optimization-techniques
scarr@sullivankhanandjacobs.com,Portfolio Optimization Techniques,07-12-2024,1,1,1,1,Boost Your Portfolio Performance,https://example.com/portfolio-optimization-techniques
shannon61@becker-phillips.com,Portfolio Optimization Techniques,21-12-2024,1,1,0,1,Boost Your Portfolio Performance,https://example.com/portfolio-optimization-techniques
tinaterry@shawbaileyandsmith.com,Portfolio Optimization Techniques,19-12-2024,1,1,0,1,What's Next in the Market?,https://example.com/portfolio-optimization-techniques
wdelacruz@hillandsons.com,Portfolio Optimization Techniques,21-12-2024,1,1,0,1,What's Next in the Market?,https://example.com/portfolio-optimization-techniques
wdelacruz@hillandsons.com,Portfolio Optimization Techniques,24-12-2024,1,1,0,1,Save More with These Tax Tips,https://example.com/portfolio-optimization-techniques
xjones@martinezplc.com,Portfolio Optimization Techniques,12-12-2024,1,1,0,1,Don't Miss: Year-End Strategies for Growth,https://example.com/portfolio-optimization-techniques
xjones@martinezplc.com,Portfolio Optimization Techniques,26-12-2024,1,1,0,1,Save More with These Tax Tips,https://example.com/portfolio-optimization-techniques
xjones@martinezplc.com,Portfolio Optimization Techniques,22-12-2024,1,1,0,1,Save More with These Tax Tips,https://example.com/portfolio-optimization-techniques
elizabethshaffer@warrengroup.com,Tax Saving Tips for Investors,24-12-2024,1,1,0,1,Don't Miss: Year-End Strategies for Growth,https://example.com/tax-saving-tips-for-investors
elizabethshaffer@warrengroup.com,Tax Saving Tips for Investors,15-12-2024,1,1,0,1,Don't Miss: Year-End Strategies for Growth,https://example.com/tax-saving-tips-for-investors
jacksonjaime@powellinc.com,Tax Saving Tips for Investors,11-12-2024,1,1,0,1,Save More with These Tax Tips,https://example.com/tax-saving-tips-for-investors
john54@crawfordgroup.com,Tax Saving Tips for Investors,01-12-2024,1,1,0,1,Don't Miss: Year-End Strategies for Growth,https://example.com/tax-saving-tips-for-investors
marcusmay@deanllc.com,Tax Saving Tips for Investors,11-12-2024,1,1,1,1,Join Us for an Exclusive Webinar,https://example.com/tax-saving-tips-for-investors
omunoz@curtisltd.com,Tax Saving Tips for Investors,02-12-2024,1,1,0,1,Don't Miss: Year-End Strategies for Growth,https://example.com/tax-saving-tips-for-investors
omunoz@curtisltd.com,Tax Saving Tips for Investors,20-12-2024,1,1,0,1,What's Next in the Market?,https://example.com/tax-saving-tips-for-investors
omunoz@curtisltd.com,Tax Saving Tips for Investors,07-12-2024,1,1,0,1,Save More with These Tax Tips,https://example.com/tax-saving-tips-for-investors
rebecca81@mayplc.com,Tax Saving Tips for Investors,02-12-2024,1,1,0,1,Don't Miss: Year-End Strategies for Growth,https://example.com/tax-saving-tips-for-investors
rhurst@larsongroup.com,Tax Saving Tips for Investors,21-12-2024,1,1,0,1,Don't Miss: Year-End Strategies for Growth,https://example.com/tax-saving-tips-for-investors
russelllinda@carlsonallenandjackson.com,Tax Saving Tips for Investors,18-12-2024,1,1,1,1,Join Us for an Exclusive Webinar,https://example.com/tax-saving-tips-for-investors
russelllinda@carlsonallenandjackson.com,Tax Saving Tips for Investors,26-12-2024,1,1,0,1,Join Us for an Exclusive Webinar,https://example.com/tax-saving-tips-for-investors
russelllinda@carlsonallenandjackson.com,Tax Saving Tips for Investors,16-12-2024,1,1,1,1,Don't Miss: Year-End Strategies for Growth,https://example.com/tax-saving-tips-for-investors
russelllinda@carlsonallenandjackson.com,Tax Saving Tips for Investors,12-12-2024,1,1,1,1,Don't Miss: Year-End Strategies for Growth,https://example.com/tax-saving-tips-for-investors
russelllinda@carlsonallenandjackson.com,Tax Saving Tips for Investors,09-12-2024,1,1,0,1,Save More with These Tax Tips,https://example.com/tax-saving-tips-for-investors
scarr@sullivankhanandjacobs.com,Tax Saving Tips for Investors,21-12-2024,1,1,0,1,Join Us for an Exclusive Webinar,https://example.com/tax-saving-tips-for-investors
travis03@johnson-sosa.com,Tax Saving Tips for Investors,17-12-2024,1,1,0,1,Join Us for an Exclusive Webinar,https://example.com/tax-saving-tips-for-investors
vgordon@bennett-sullivan.com,Tax Saving Tips for Investors,09-12-2024,1,1,1,1,What's Next in the Market?,https://example.com/tax-saving-tips-for-investors
wdelacruz@hillandsons.com,Tax Saving Tips for Investors,12-12-2024,1,1,0,1,Join Us for an Exclusive Webinar,https://example.com/tax-saving-tips-for-investors
wdelacruz@hillandsons.com,Tax Saving Tips for Investors,13-12-2024,1,1,0,1,Join Us for an Exclusive Webinar,https://example.com/tax-saving-tips-for-investors
xjones@martinezplc.com,Tax Saving Tips for Investors,04-12-2024,1,1,1,1,Don't Miss: Year-End Strategies for Growth,https://example.com/tax-saving-tips-for-investors
claudia.george@montgomery-zimmerman.com,Tax Saving Tips for Investors,28-12-2024,1,1,1,1,Boost Your Portfolio Performance,https://example.com/tax-saving-tips-for-investors
banderson@jordanltd.com,Year-End Investment Strategies,16-12-2024,1,1,1,1,Don't Miss: Year-End Strategies for Growth,https://example.com/year-end-investment-strategies
dconner@graves-chapman.com,Year-End Investment Strategies,13-12-2024,1,1,0,1,Don't Miss: Year-End Strategies for Growth,https://example.com/year-end-investment-strategies
ebonybentley@adamsplc.com,Year-End Investment Strategies,16-12-2024,1,1,0,1,Boost Your Portfolio Performance,https://example.com/year-end-investment-strategies
ebonybentley@adamsplc.com,Year-End Investment Strategies,25-12-2024,1,1,0,1,Don't Miss: Year-End Strategies for Growth,https://example.com/year-end-investment-strategies
elizabethshaffer@warrengroup.com,Year-End Investment Strategies,12-12-2024,1,1,0,1,Don't Miss: Year-End Strategies for Growth,https://example.com/year-end-investment-strategies
john54@crawfordgroup.com,Year-End Investment Strategies,11-12-2024,1,1,0,1,Save More with These Tax Tips,https://example.com/year-end-investment-strategies
john54@crawfordgroup.com,Year-End Investment Strategies,09-12-2024,1,1,0,1,Save More with These Tax Tips,https://example.com/year-end-investment-strategies
kenneth60@clark-cox.com,Year-End Investment Strategies,15-12-2024,1,1,0,1,Save More with These Tax Tips,https://example.com/year-end-investment-strategies
ksummers@larsonltd.com,Year-End Investment Strategies,03-12-2024,1,1,0,1,What's Next in the Market?,https://example.com/year-end-investment-strategies
ksummers@larsonltd.com,Year-End Investment Strategies,19-12-2024,1,1,0,1,What's Next in the Market?,https://example.com/year-end-investment-strategies
maciasoscar@lee-lyons.com,Year-End Investment Strategies,09-12-2024,1,1,0,1,Join Us for an Exclusive Webinar,https://example.com/year-end-investment-strategies
omunoz@curtisltd.com,Year-End Investment Strategies,14-12-2024,1,1,1,1,Don't Miss: Year-End Strategies for Growth,https://example.com/year-end-investment-strategies
omunoz@curtisltd.com,Year-End Investment Strategies,08-12-2024,1,1,0,1,What's Next in the Market?,https://example.com/year-end-investment-strategies
omunoz@curtisltd.com,Year-End Investment Strategies,10-12-2024,1,1,0,1,Boost Your Portfolio Performance,https://example.com/year-end-investment-strategies
rhurst@larsongroup.com,Year-End Investment Strategies,13-12-2024,1,1,0,1,Don't Miss: Year-End Strategies for Growth,https://example.com/year-end-investment-strategies
rogersjennifer@bakerplc.com,Year-End Investment Strategies,28-12-2024,1,1,0,1,Join Us for an Exclusive Webinar,https://example.com/year-end-investment-strategies
russelllinda@carlsonallenandjackson.com,Year-End Investment Strategies,16-12-2024,1,1,0,1,Save More with These Tax Tips,https://example.com/year-end-investment-strategies
russelllinda@carlsonallenandjackson.com,Year-End Investment Strategies,21-12-2024,1,1,0,1,What's Next in the Market?,https://example.com/year-end-investment-strategies
russelllinda@carlsonallenandjackson.com,Year-End Investment Strategies,21-12-2024,1,1,1,1,What's Next in the Market?,https://example.com/year-end-investment-strategies
stewartamanda@bullockburnsandstevens.com,Year-End Investment Strategies,11-12-2024,1,1,0,1,Boost Your Portfolio Performance,https://example.com/year-end-investment-strategies
stewartamanda@bullockburnsandstevens.com,Year-End Investment Strategies,06-12-2024,1,1,0,1,Join Us for an Exclusive Webinar,https://example.com/year-end-investment-strategies
travis03@johnson-sosa.com,Year-End Investment Strategies,28-12-2024,1,1,0,1,What's Next in the Market?,https://example.com/year-end-investment-strategies
travis03@johnson-sosa.com,Year-End Investment Strategies,19-12-2024,1,1,0,1,Join Us for an Exclusive Webinar,https://example.com/year-end-investment-strategies
travis03@johnson-sosa.com,Year-End Investment Strategies,15-12-2024,1,1,1,1,What's Next in the Market?,https://example.com/year-end-investment-strategies
wdelacruz@hillandsons.com,Year-End Investment Strategies,06-12-2024,1,1,0,1,Don't Miss: Year-End Strategies for Growth,https://example.com/year-end-investment-strategies
wdelacruz@hillandsons.com,Year-End Investment Strategies,27-12-2024,1,1,1,1,Save More with These Tax Tips,https://example.com/year-end-investment-strategies
wdelacruz@hillandsons.com,Year-End Investment Strategies,08-12-2024,1,1,0,1,Boost Your Portfolio Performance,https://example.com/year-end-investment-strategies
elizabethshaffer@warrengroup.com,Building a Strong Financial Foundation,23-09-2024,5,5,5,3,Financial Foundation: Building a Secure Future,https://gaines.com/
james61@carsonpeckandaguirre.com,Market Insights: Navigating Volatility,31-12-2024,2,2,1,1,Interest Rates: How They Affect Your Investments,https://gaines.com/
rhurst@larsongroup.com,Strategies for Sustainable Investing,10-09-2024,10,4,3,3,Sustainable Investing: Aligning Values with Returns,https://glover.net/
camachodon@jackson-charles.com,Strategies for Value Investing,30-08-2024,10,8,7,4,Value Investing: Finding Undervalued Assets,https://gross-watson.info/
aaron93@cortez-howell.com,Emerging Markets Investment Guide,31-12-2024,2,2,1,1,Investment Objectives: Defining Your Financial Goals,https://harris-miller.com/
christopher73@lyonsgroup.com,Strategies for High-Yield Investments,13-06-2024,2,2,1,1,Real Estate Outlook: Opportunities for Investors,https://harris-miller.com/
jwalker@thomasplc.com,Fixed Income Market Update,26-12-2024,2,2,1,1,Investment Risk: Understanding and Managing It,https://herring-velasquez.info/
rogersjennifer@bakerplc.com,Market Insights: Navigating Volatility,17-06-2024,5,4,1,1,Navigating Market Volatility: Strategies for Success,https://hudson-hartman.com/
geoffrey61@adamshoffmanandsims.com,Building a Strong Financial Foundation,31-12-2024,2,2,1,1,Long-Term Wealth Building: Strategies for Success,https://hudson-hartman.com/
rogersjennifer@bakerplc.com,Portfolio Optimization Strategies,14-06-2024,3,3,2,2,Optimize Your Portfolio for Long-Term Growth,https://lewis-saunders.com/
elizabethshaffer@warrengroup.com,The Role of a Financial Advisor,21-10-2024,5,5,1,1,Financial Advisors: How They Can Help You,https://lindsey.com/
ykim@ingraminc.com,Sector Rotation Strategies,31-12-2024,2,2,1,1,Income Investing: Generating Consistent Returns,https://lindsey.com/
claudia.george@montgomery-zimmerman.com,Understanding Investment Fees,25-06-2024,2,2,0,1,Investment Fees: What You Need to Know,https://martin-weaver.com/
cheryl98@davisinc.com,Asset Allocation Strategies,18-09-2024,10,10,8,3,Asset Allocation: Balancing Risk and Return,https://morrison-stuart.net/
cheryl98@davisinc.com,Investment Due Diligence Checklist,15-10-2024,9,8,7,3,Due Diligence: A Checklist for Smart Investing,https://murray.org/
christina22@friedmanmartinezandmeyers.com,Preparing for Market Corrections,31-12-2024,2,2,1,1,Fixed Income Market Update: What You Need to Know,https://price.com/
catherinewilliams@leellc.com,The Role of a Financial Advisor,31-12-2024,2,2,1,1,Join Us for an Exclusive Webinar,https://reed.biz/
cheryl98@davisinc.com,Value Investing Principles,17-07-2024,4,2,2,1,Value Investing: Finding Undervalued Opportunities,https://reed.com/
coreyharrell@norris-brown.com,Emerging Markets Investment Guide,05-09-2024,2,2,2,2,Emerging Markets: A Guide for Investors,https://rodriguez-webb.biz/
bhines@leeinc.com,The Importance of Financial Literacy,26-07-2024,2,2,1,1,Insights on Future Investment Trends,https://rodriguez-webb.biz/
elizabethshaffer@warrengroup.com,Understanding Investment Performance,07-10-2024,3,3,3,3,Investment Performance: How to Measure Your Success,https://roy-parker.com/
geoffrey61@adamshoffmanandsims.com,The Future of Sustainable Investing,31-12-2024,2,2,1,1,Market Volatility: How to Stay Calm and Invest,https://roy-parker.com/
elizabethshaffer@warrengroup.com,Investing in Global Markets,10-11-2024,10,6,6,1,Global Markets: Diversify Your Portfolio,https://ruiz.biz/
jonesmelissa@martinez-mcmahon.com,Alternative Investment Strategies,31-12-2024,2,2,1,1,Investment Performance: How to Measure Your Success,https://ruiz.biz/
ksummers@larsonltd.com,Understanding Market Sentiment,10-12-2024,2,2,1,1,Supply Chain Insights: Investment Opportunities,https://ruiz.biz/
rhurst@larsongroup.com,Investing in Emerging Markets,23-06-2024,4,2,2,1,Emerging Markets: Opportunities for Growth,https://stanley.biz/
brooksjose@gonzalez-holland.com,Tax Saving Tips for Investors,25-07-2024,2,2,1,1,Investment Objectives: Defining Your Financial Goals,https://stanley.biz/
coreyharrell@norris-brown.com,Alternative Investment Strategies,03-08-2024,5,5,1,1,Explore Alternative Investment Strategies,https://vargas-harper.info/
elizabethshaffer@warrengroup.com,Understanding Market Sentiment,09-08-2024,2,2,2,1,Market Sentiment: How It Affects Your Investments,https://walter-myers.com/
ksummers@larsonltd.com,Understanding Investment Options,29-10-2024,2,2,1,1,Market Corrections: How to Prepare Your Portfolio,https://walter-myers.com/
michaelyoung@leeshawandhall.com,Preparing for Market Corrections,25-07-2024,3,3,3,1,Market Corrections: How to Prepare Your Portfolio,https://www.atkinson.com/
russelllinda@carlsonallenandjackson.com,Understanding Investment Objectives,28-09-2024,2,2,1,1,Join Us for an Exclusive Webinar,https://www.atkinson.com/
christina76@taylorcookandwilliams.com,ESG ETF,31-12-2024,2,2,1,1,Latest Market Update: What You Need to Know,https://www.atkinson.com/
rhurst@larsongroup.com,The Impact of Interest Rates,21-09-2024,4,4,4,1,Interest Rates: How They Affect Your Investments,https://www.evans.com/
barrychapman@harrelllongandduran.com,The Importance of Financial Literacy,31-12-2024,2,2,1,1,Global Markets: Diversify Your Portfolio,https://www.evans.com/
walter26@farrellericksonandfrost.com,Strategies for Growth Investing,23-09-2024,2,2,1,1,Market Corrections: How to Prepare Your Portfolio,https://www.evans.com/
bradcurtis@long-molina.com,The Role of a Financial Advisor,31-12-2024,2,2,1,1,Global Markets: Diversify Your Portfolio,https://www.evans.com/
hubbardtyler@caldwell-salinas.com,The Impact of Interest Rates,31-12-2024,2,2,1,1,ESG Investing: The Future of Sustainable Finance,https://www.evans.com/
rogersjennifer@bakerplc.com,Retirement Planning Essentials,24-09-2024,7,2,2,1,Retirement Planning: Secure Your Future,https://www.gonzalez-smith.info/
mary27@carneyspencerandsantos.com,Building a Strong Financial Foundation,20-11-2024,2,2,1,1,Income Investing: Generating Consistent Returns,https://www.gonzalez-smith.info/
linelizabeth@richardsbrooksandmarshall.com,Understanding Investment Performance,31-12-2024,2,2,1,1,Navigating Market Volatility: Strategies for Success,https://www.gonzalez-smith.info/
fvega@williams-fleming.com,The Importance of Asset Allocation,18-10-2024,2,2,1,1,What's Next in the Market?,https://www.hayes.info/
rhurst@larsongroup.com,Strategies for Value Investing,18-09-2024,3,3,3,3,Value Investing: Finding Undervalued Assets,https://www.hays-perez.net/
kayla73@mooreandsons.com,Strategies for Long-Term Wealth Building,29-10-2024,2,2,1,1,Uncover Global Investment Opportunities,https://www.hays-perez.net/
jessicaelliott@fitzpatrick-smith.com,Sector Rotation Strategies,31-12-2024,2,2,1,1,Private Equity: Insights for Sophisticated Investors,https://www.hernandez.info/
cheryl98@davisinc.com,Growth Investing Strategies,28-09-2024,5,5,1,1,Growth Investing: Strategies for High Returns,https://www.holmes-reyes.com/
catherinewilliams@leellc.com,Understanding Investment Performance,31-12-2024,2,2,1,1,Asset Allocation: Balancing Risk and Return,https://www.holmes-reyes.com/
jennifergutierrez@anderson-clark.com,Investment Planning for 2025,31-12-2024,2,2,1,1,Diversification: A Key to Investment Growth,https://www.holmes-reyes.com/
elizabethshaffer@warrengroup.com,The Power of Compound Interest,23-06-2024,2,2,2,2,Compound Interest: The Power of Time and Growth,https://www.howell.com/
elizabethshaffer@warrengroup.com,The Benefits of Tax-Advantaged Accounts,29-09-2024,2,2,1,1,Private Equity: Insights for Sophisticated Investors,https://www.howell.com/
michaelbriggs@rogersgroup.com,The Benefits of Tax-Advantaged Accounts,29-06-2024,2,2,1,1,Market Corrections: How to Prepare Your Portfolio,https://www.jackson.biz/
rhurst@larsongroup.com,The Impact of Global Events on Markets,30-09-2024,10,9,1,1,Global Events: How They Affect Your Investments,https://www.jackson-white.com/
bakerjared@pena-roberts.com,The Future of ESG Investing,31-12-2024,2,2,1,1,Market Cycles: Navigating the Ups and Downs,https://www.jackson-white.com/
michaelyoung@leeshawandhall.com,Tech Sector Investment Outlook,26-06-2024,9,6,3,3,Tech Sector Outlook: Where to Invest Now,https://www.johnson.com/
greeramy@garciahayesandbaker.com,Year-End Portfolio Review,25-08-2024,2,2,1,1,Investment Risk: How to Manage It Effectively,https://www.massey-avila.com/
tamarahernandez@mitchellandsons.com,Strategies for Income Investing,31-12-2024,2,2,1,1,Diversification: A Key to Investment Growth,https://www.massey-avila.com/
tina09@woodandsons.com,Strategies for Growth Investing,31-12-2024,2,2,1,1,Diversification: Why It's Crucial for Your Portfolio,https://www.massey-avila.com/
cheryl98@davisinc.com,Understanding Inflation's Impact,25-11-2024,3,2,2,2,Inflation's Impact: How to Protect Your Portfolio,https://www.moss.org/
david71@harding-lee.com,The Impact of Interest Rates,06-10-2024,2,2,1,1,Market Volatility: How to Navigate the Ups and Downs,https://www.moss.org/
elizabethshaffer@warrengroup.com,Investment Strategies for Beginners,02-08-2024,8,4,4,2,Investing for Beginners: A Simple Guide,https://www.patterson.net/
johnsonmisty@chamberspageandwhitaker.com,Understanding Investment Fees,20-08-2024,4,4,4,1,Investment Fees: What You Need to Know,https://www.perez.net/
rhurst@larsongroup.com,Strategies for Income Investing,30-06-2024,9,6,1,1,Income Investing: Generating Consistent Returns,https://www.rosales.com/
coreyharrell@norris-brown.com,Retirement Planning Essentials,01-06-2024,3,3,3,2,Retirement Planning: Secure Your Future,https://www.ruiz.com/
elizabethshaffer@warrengroup.com,Investment Strategies for the Long Term,21-06-2024,7,3,3,3,Long-Term Investing: Strategies for Wealth Creation,https://www.ruiz-scott.com/
lawrencelittle@ellisltd.com,Relationship Building,16-09-2024,2,2,1,1,Navigating Market Volatility: Strategies for Success,https://www.ruiz-scott.com/
johnsonmisty@chamberspageandwhitaker.com,The Future of Sustainable Investing,09-10-2024,8,7,6,1,Sustainable Investing: Aligning Values with Returns,https://www.sanford-morris.biz/
hhatfield@hillbatesandkelly.com,Fixed Income Market Update,22-08-2024,2,2,1,1,Market Cycles: Understanding the Trends,https://www.sparks-thompson.info/
josephdavila@jackson-pope.com,Emerging Markets Investment Guide,03-07-2024,2,2,1,1,Financial Literacy: Empowering Your Investment Decisions,https://www.taylor.com/
elizabethshaffer@warrengroup.com,The Importance of Portfolio Review,14-08-2024,5,5,5,5,Portfolio Review: Why It's Essential for Success,https://www.thomas.com/
afowler@nixongroup.com,Asset Allocation Strategies,26-06-2024,2,2,1,1,Financial Advisors: How They Can Help You,https://www.thomas.com/
ksummers@larsonltd.com,Strategies for High-Yield Investments,15-11-2024,3,3,1,1,High-Yield Investments: Strategies for Maximum Returns,https://www.vincent.com/
mathismisty@carsonandsons.com,The Impact of Global Events on Markets,11-08-2024,2,2,1,1,Maximize Your Tax Benefits with Smart Investments,https://www.vincent.com/
rebecca81@mayplc.com,Building a Strong Financial Foundation,09-08-2024,2,2,1,1,Income Investing: Generating Consistent Returns,https://www.vincent.com/
kenneth60@clark-cox.com,Understanding Investment Options,10-08-2024,2,2,1,1,Financial Literacy: Empowering Your Investment Decisions,https://www.vincent.com/
camachodon@jackson-charles.com,Investment Strategies for Retirement,15-08-2024,7,7,4,3,Retirement Investing: Strategies for a Secure Future,https://www.west.org/
brandontran@parsonscarlsonandyork.com,Global Investment Opportunities,19-12-2024,2,2,1,1,Join Us for an Exclusive Webinar,https://www.west.org/
camachodon@jackson-charles.com,The Impact of Global Events on Markets,26-09-2024,10,5,5,1,Global Events: How They Affect Your Investments,https://www.white.com/
camachodon@jackson-charles.com,Strategies for Sustainable Investing,16-06-2024,10,4,4,4,Sustainable Investing: Aligning Values with Returns,https://www.willis-harris.biz/
walter26@farrellericksonandfrost.com,Relationship Building,19-06-2024,2,2,1,1,Latest Market Update: What You Need to Know,https://www.willis-harris.biz/
coreyharrell@norris-brown.com,Fixed Income Market Update,02-09-2024,10,1,1,0,Fixed Income Market Update: What You Need to Know,
coreyharrell@norris-brown.com,Understanding Risk Management,08-07-2024,7,3,3,0,Risk Management: Protecting Your Investments,
coreyharrell@norris-brown.com,Year-End Portfolio Review,01-01-2025,6,1,0,0,Year-End Portfolio Review: Plan for the New Year,
coreyharrell@norris-brown.com,Investment Planning for 2025,04-11-2024,1,1,1,0,Investment Planning: Strategies for 2025,
claudia.george@montgomery-zimmerman.com,Tax Saving,01-06-2024,1,1,1,0,Maximize Your Tax Benefits with Smart Investments,
claudia.george@montgomery-zimmerman.com,Market Commentary,03-06-2024,1,1,1,0,Latest Market Update: What You Need to Know,
claudia.george@montgomery-zimmerman.com,Secular Outlook,07-06-2024,1,1,1,0,Navigating Long-Term Market Dynamics,
claudia.george@montgomery-zimmerman.com,Event Mail,19-06-2024,1,1,0,0,Join Our Exclusive Investment Webinar,
claudia.george@montgomery-zimmerman.com,Market Commentary,22-06-2024,1,1,1,0,Latest Market Update: What You Need to Know,
cheryl98@davisinc.com,Long-Term Investing for Wealth,30-10-2024,1,1,1,0,Long-Term Investing: Building Wealth Over Time,
cheryl98@davisinc.com,Private Equity Investment Insights,06-07-2024,5,5,5,0,Private Equity: Insights for Sophisticated Investors,
elizabethshaffer@warrengroup.com,Understanding Market Volatility,28-11-2024,1,1,0,0,Market Volatility: How to Stay Calm and Invest,
elizabethshaffer@warrengroup.com,The Benefits of Diversification,07-07-2024,3,3,3,0,Diversification: Why It's Crucial for Your Portfolio,
elizabethshaffer@warrengroup.com,Understanding Investment Options,19-07-2024,1,1,1,0,Investment Options: A Guide to Different Asset Classes,
elizabethshaffer@warrengroup.com,The Power of Compounding Returns,28-10-2024,1,1,0,0,Compounding Returns: The Key to Long-Term Growth,
rhurst@larsongroup.com,Strategies for High-Yield Investments,01-06-2024,8,8,0,0,High-Yield Investments: Strategies for Maximum Returns,
rhurst@larsongroup.com,Understanding Market Trends,28-06-2024,7,2,2,0,Market Trends: What Investors Need to Know,
rhurst@larsongroup.com,The Importance of Asset Allocation,26-11-2024,10,10,0,0,Asset Allocation: Balancing Risk and Reward,
rhurst@larsongroup.com,Understanding Investment Objectives,26-06-2024,1,1,0,0,Investment Objectives: Defining Your Financial Goals,
rhurst@larsongroup.com,Understanding Investment Time Horizons,11-06-2024,2,1,1,0,Investment Time Horizons: Aligning with Your Goals,
johnsonmisty@chamberspageandwhitaker.com,Understanding Market Cycles,10-06-2024,5,3,3,0,Market Cycles: Navigating the Ups and Downs,
johnsonmisty@chamberspageandwhitaker.com,The Benefits of Diversification,16-07-2024,1,1,0,0,Diversification: A Key to Reducing Risk,
johnsonmisty@chamberspageandwhitaker.com,Strategies for Growth Investing,26-08-2024,10,7,0,0,Growth Investing: Strategies for High Returns,
johnsonmisty@chamberspageandwhitaker.com,The Importance of Financial Planning,28-07-2024,5,1,1,0,Financial Planning: A Roadmap to Your Goals,
banderson@jordanltd.com,Exclusive Webinar Invitation,23-12-2024,1,1,0,0,Join Us for an Exclusive Webinar,
johnsonmisty@chamberspageandwhitaker.com,The Role of a Financial Advisor,24-07-2024,7,7,0,0,Financial Advisors: How They Can Help You,
johnsonmisty@chamberspageandwhitaker.com,Year-End Portfolio Review,06-01-2025,8,6,1,0,Year-End Portfolio Review: Plan for the New Year,
johnsonmisty@chamberspageandwhitaker.com,The Impact of Global Events on Markets,18-08-2024,10,1,0,0,Global Events: How They Affect Your Investments,
johnsonmisty@chamberspageandwhitaker.com,Strategies for Income Investing,08-11-2024,1,1,0,0,Income Investing: Generating Consistent Returns,
camachodon@jackson-charles.com,Strategies for High-Yield Investments,07-10-2024,2,2,0,0,High-Yield Investments: Strategies for Maximum Returns,
camachodon@jackson-charles.com,The Benefits of Tax-Advantaged Accounts,20-10-2024,2,2,2,0,Tax-Advantaged Accounts: Maximize Your Savings,
camachodon@jackson-charles.com,Investing in Emerging Markets,08-08-2024,8,6,0,0,Emerging Markets: Opportunities for Growth,
camachodon@jackson-charles.com,Understanding Investment Time Horizons,08-07-2024,7,7,7,0,Investment Time Horizons: Aligning with Your Goals,
rogersjennifer@bakerplc.com,Tech Sector Investment Outlook,20-10-2024,4,1,1,0,Tech Sector Outlook: Where to Invest Now,
rogersjennifer@bakerplc.com,Fixed Income Market Update,29-10-2024,1,1,1,0,Fixed Income Market Update: What You Need to Know,
rogersjennifer@bakerplc.com,Understanding Risk Management,18-07-2024,7,1,0,0,Risk Management: Protecting Your Investments,
rogersjennifer@bakerplc.com,Emerging Markets Investment Guide,06-11-2024,5,5,0,0,Emerging Markets: A Guide for Investors,
rogersjennifer@bakerplc.com,Preparing for Market Corrections,23-06-2024,8,1,0,0,Market Corrections: How to Prepare Your Portfolio,
rogersjennifer@bakerplc.com,Investment Planning for 2025,02-06-2024,9,5,2,0,Investment Planning: Strategies for 2025,
rogersjennifer@bakerplc.com,Diversification Strategies for Growth,09-10-2024,9,8,0,0,Diversification: A Key to Investment Growth,
rogersjennifer@bakerplc.com,Behavioral Finance Insights,07-11-2024,10,3,2,0,Behavioral Finance: Understanding Investor Psychology,
michaelyoung@leeshawandhall.com,Portfolio Optimization Strategies,23-11-2024,9,2,2,0,Optimize Your Portfolio for Long-Term Growth,
michaelyoung@leeshawandhall.com,Global Investment Opportunities,20-06-2024,1,1,0,0,Uncover Global Investment Opportunities,
michaelyoung@leeshawandhall.com,Fixed Income Market Update,26-08-2024,3,3,0,0,Fixed Income Market Update: What You Need to Know,
michaelyoung@leeshawandhall.com,Understanding Risk Management,03-08-2024,1,1,1,0,Risk Management: Protecting Your Investments,
michaelyoung@leeshawandhall.com,Emerging Markets Investment Guide,16-11-2024,6,6,4,0,Emerging Markets: A Guide for Investors,
michaelyoung@leeshawandhall.com,Tax-Efficient Investing Strategies,23-11-2024,9,6,6,0,Tax-Efficient Investing: Maximize Your Returns,
ksummers@larsonltd.com,Investment Strategies for Retirement,13-09-2024,7,7,0,0,Retirement Investing: Strategies for a Secure Future,
ksummers@larsonltd.com,Understanding Investment Risk Tolerance,28-09-2024,1,1,1,0,Risk Tolerance: Understanding Your Investment Comfort,
banderson@jordanltd.com,Tax Saving Tips for Investors,03-12-2024,1,1,0,0,Don't Miss: Year-End Strategies for Growth,
banderson@jordanltd.com,Market Outlook for 2025,03-12-2024,1,1,0,0,Boost Your Portfolio Performance,
brooksjose@gonzalez-holland.com,Portfolio Optimization Techniques,02-12-2024,1,1,0,0,What's Next in the Market?,
brooksjose@gonzalez-holland.com,Market Outlook for 2025,16-12-2024,1,1,0,0,What's Next in the Market?,
caseydavid@martinllc.com,Market Outlook for 2025,14-12-2024,1,1,0,0,Boost Your Portfolio Performance,
caseydavid@martinllc.com,Exclusive Webinar Invitation,04-12-2024,1,1,0,0,Join Us for an Exclusive Webinar,
caseydavid@martinllc.com,Portfolio Optimization Techniques,04-12-2024,1,1,0,0,What's Next in the Market?,
caseydavid@martinllc.com,Market Outlook for 2025,05-12-2024,1,1,0,0,What's Next in the Market?,
cheryl98@davisinc.com,Year-End Investment Strategies,16-12-2024,1,1,1,0,Join Us for an Exclusive Webinar,
cheryl98@davisinc.com,Year-End Investment Strategies,23-12-2024,1,1,0,0,Boost Your Portfolio Performance,
cheryl98@davisinc.com,Tax Saving Tips for Investors,12-12-2024,1,1,0,0,What's Next in the Market?,
cheryl98@davisinc.com,Exclusive Webinar Invitation,11-12-2024,1,1,1,0,Join Us for an Exclusive Webinar,
coreyharrell@norris-brown.com,Tax Saving Tips for Investors,04-12-2024,1,1,1,0,Boost Your Portfolio Performance,
coreyharrell@norris-brown.com,Portfolio Optimization Techniques,06-12-2024,1,1,1,0,Don't Miss: Year-End Strategies for Growth,
dconner@graves-chapman.com,Tax Saving Tips for Investors,31-12-2024,1,1,0,0,Save More with These Tax Tips,
dconner@graves-chapman.com,Exclusive Webinar Invitation,19-12-2024,1,1,0,0,Don't Miss: Year-End Strategies for Growth,
dconner@graves-chapman.com,Market Outlook for 2025,27-12-2024,1,1,0,0,Save More with These Tax Tips,
dconner@graves-chapman.com,Tax Saving Tips for Investors,02-12-2024,1,1,0,0,Save More with These Tax Tips,
dconner@graves-chapman.com,Tax Saving Tips for Investors,11-12-2024,1,1,0,0,Don't Miss: Year-End Strategies for Growth,
dconner@graves-chapman.com,Portfolio Optimization Techniques,26-12-2024,1,1,0,0,Save More with These Tax Tips,
dconner@graves-chapman.com,Exclusive Webinar Invitation,25-12-2024,1,1,0,0,Save More with These Tax Tips,
dconner@graves-chapman.com,Year-End Investment Strategies,22-12-2024,1,1,0,0,Don't Miss: Year-End Strategies for Growth,
dconner@graves-chapman.com,Exclusive Webinar Invitation,01-12-2024,1,1,0,0,Save More with These Tax Tips,
dconner@graves-chapman.com,Year-End Investment Strategies,12-12-2024,1,1,0,0,Don't Miss: Year-End Strategies for Growth,
dconner@graves-chapman.com,Market Outlook for 2025,05-12-2024,1,1,0,0,What's Next in the Market?,
dconner@graves-chapman.com,Market Outlook for 2025,10-12-2024,1,1,0,0,What's Next in the Market?,
dconner@graves-chapman.com,Market Outlook for 2025,06-12-2024,1,1,0,0,What's Next in the Market?,
dconner@graves-chapman.com,Year-End Investment Strategies,24-12-2024,1,1,0,0,Save More with These Tax Tips,
ebonybentley@adamsplc.com,Portfolio Optimization Techniques,24-12-2024,1,1,0,0,Save More with These Tax Tips,
ebonybentley@adamsplc.com,Exclusive Webinar Invitation,19-12-2024,1,1,0,0,Don't Miss: Year-End Strategies for Growth,
ebonybentley@adamsplc.com,Market Outlook for 2025,07-12-2024,1,1,1,0,What's Next in the Market?,
ebonybentley@adamsplc.com,Portfolio Optimization Techniques,07-12-2024,1,1,0,0,What's Next in the Market?,
ebonybentley@adamsplc.com,Exclusive Webinar Invitation,26-12-2024,1,1,0,0,What's Next in the Market?,
ebonybentley@adamsplc.com,Exclusive Webinar Invitation,01-12-2024,1,1,0,0,What's Next in the Market?,
ebonybentley@adamsplc.com,Market Outlook for 2025,04-12-2024,1,1,0,0,What's Next in the Market?,
ebonybentley@adamsplc.com,Exclusive Webinar Invitation,04-12-2024,1,1,1,0,Save More with These Tax Tips,
ebonybentley@adamsplc.com,Year-End Investment Strategies,18-12-2024,1,1,0,0,What's Next in the Market?,
ebonybentley@adamsplc.com,Market Outlook for 2025,08-12-2024,1,1,0,0,What's Next in the Market?,
elizabethshaffer@warrengroup.com,Year-End Investment Strategies,07-12-2024,1,1,0,0,Join Us for an Exclusive Webinar,
elizabethshaffer@warrengroup.com,Market Outlook for 2025,11-12-2024,1,1,1,0,What's Next in the Market?,
elizabethshaffer@warrengroup.com,Exclusive Webinar Invitation,01-12-2024,1,1,0,0,Save More with These Tax Tips,
elizabethshaffer@warrengroup.com,Exclusive Webinar Invitation,23-12-2024,1,1,0,0,Save More with These Tax Tips,
elizabethshaffer@warrengroup.com,Exclusive Webinar Invitation,23-12-2024,1,1,0,0,What's Next in the Market?,
elizabethshaffer@warrengroup.com,Year-End Investment Strategies,05-12-2024,1,1,0,0,Boost Your Portfolio Performance,
hhatfield@hillbatesandkelly.com,Exclusive Webinar Invitation,29-12-2024,1,1,0,0,Save More with These Tax Tips,
hhatfield@hillbatesandkelly.com,Market Outlook for 2025,30-12-2024,1,1,0,0,Join Us for an Exclusive Webinar,
hhatfield@hillbatesandkelly.com,Portfolio Optimization Techniques,03-12-2024,1,1,0,0,What's Next in the Market?,
jacksonjaime@powellinc.com,Year-End Investment Strategies,26-12-2024,1,1,0,0,What's Next in the Market?,
jacksonjaime@powellinc.com,Year-End Investment Strategies,05-12-2024,1,1,0,0,Save More with These Tax Tips,
jacksonjaime@powellinc.com,Exclusive Webinar Invitation,10-12-2024,1,1,0,0,Boost Your Portfolio Performance,
john54@crawfordgroup.com,Portfolio Optimization Techniques,15-12-2024,1,1,0,0,Don't Miss: Year-End Strategies for Growth,
john54@crawfordgroup.com,Exclusive Webinar Invitation,12-12-2024,1,1,1,0,Save More with These Tax Tips,
john54@crawfordgroup.com,Exclusive Webinar Invitation,28-12-2024,1,1,0,0,Boost Your Portfolio Performance,
john54@crawfordgroup.com,Tax Saving Tips for Investors,22-12-2024,1,1,0,0,Don't Miss: Year-End Strategies for Growth,
john54@crawfordgroup.com,Tax Saving Tips for Investors,14-12-2024,1,1,0,0,Join Us for an Exclusive Webinar,
john54@crawfordgroup.com,Market Outlook for 2025,09-12-2024,1,1,0,0,What's Next in the Market?,
john54@crawfordgroup.com,Market Outlook for 2025,03-12-2024,1,1,0,0,What's Next in the Market?,
john54@crawfordgroup.com,Portfolio Optimization Techniques,25-12-2024,1,1,0,0,Save More with These Tax Tips,
john54@crawfordgroup.com,Year-End Investment Strategies,18-12-2024,1,1,0,0,Boost Your Portfolio Performance,
john54@crawfordgroup.com,Tax Saving Tips for Investors,05-12-2024,1,1,1,0,Boost Your Portfolio Performance,
johnsonmisty@chamberspageandwhitaker.com,Understanding Investment Risk,06-12-2024,1,1,1,0,Investment Risk: How to Manage It Effectively,
kaitlynblankenship@blackwellsandwalker.com,Tax Saving Tips for Investors,10-12-2024,1,1,0,0,What's Next in the Market?,
kaitlynblankenship@blackwellsandwalker.com,Tax Saving Tips for Investors,16-12-2024,1,1,0,0,Join Us for an Exclusive Webinar,
kaitlynblankenship@blackwellsandwalker.com,Exclusive Webinar Invitation,05-12-2024,1,1,0,0,What's Next in the Market?,
kenneth60@clark-cox.com,Tax Saving Tips for Investors,21-12-2024,1,1,0,0,Don't Miss: Year-End Strategies for Growth,
kenneth60@clark-cox.com,Year-End Investment Strategies,16-12-2024,1,1,1,0,Join Us for an Exclusive Webinar,
ksummers@larsonltd.com,Market Outlook for 2025,01-12-2024,1,1,1,0,Don't Miss: Year-End Strategies for Growth,
kyoung@nunez-nguyen.com,Tax Saving Tips for Investors,05-12-2024,1,1,0,0,Save More with These Tax Tips,
kyoung@nunez-nguyen.com,Year-End Investment Strategies,25-12-2024,1,1,0,0,Don't Miss: Year-End Strategies for Growth,
kyoung@nunez-nguyen.com,Tax Saving Tips for Investors,09-12-2024,1,1,1,0,Join Us for an Exclusive Webinar,
kyoung@nunez-nguyen.com,Exclusive Webinar Invitation,11-12-2024,1,1,1,0,Boost Your Portfolio Performance,
kyoung@nunez-nguyen.com,Portfolio Optimization Techniques,11-12-2024,1,1,0,0,Boost Your Portfolio Performance,
kyoung@nunez-nguyen.com,Year-End Investment Strategies,24-12-2024,1,1,0,0,Save More with These Tax Tips,
kyoung@nunez-nguyen.com,Market Outlook for 2025,03-12-2024,1,1,0,0,What's Next in the Market?,
maciasoscar@lee-lyons.com,Portfolio Optimization Techniques,04-12-2024,1,1,1,0,Join Us for an Exclusive Webinar,
maciasoscar@lee-lyons.com,Exclusive Webinar Invitation,07-12-2024,1,1,0,0,What's Next in the Market?,
maciasoscar@lee-lyons.com,Market Outlook for 2025,24-12-2024,1,1,0,0,Don't Miss: Year-End Strategies for Growth,
marcusmay@deanllc.com,Portfolio Optimization Techniques,09-12-2024,1,1,1,0,Save More with These Tax Tips,
marcusmay@deanllc.com,Market Outlook for 2025,18-12-2024,1,1,0,0,Boost Your Portfolio Performance,
marcusmay@deanllc.com,Year-End Investment Strategies,04-12-2024,1,1,0,0,Join Us for an Exclusive Webinar,
marcusmay@deanllc.com,Market Outlook for 2025,03-12-2024,1,1,0,0,Join Us for an Exclusive Webinar,
marcusmay@deanllc.com,Market Outlook for 2025,08-12-2024,1,1,1,0,Save More with These Tax Tips,
marcusmay@deanllc.com,Market Outlook for 2025,19-12-2024,1,1,0,0,Save More with These Tax Tips,
marcusmay@deanllc.com,Tax Saving Tips for Investors,13-12-2024,1,1,0,0,Don't Miss: Year-End Strategies for Growth,
marcusmay@deanllc.com,Year-End Investment Strategies,13-12-2024,1,1,0,0,Don't Miss: Year-End Strategies for Growth,
meganvaldez@evanshowellandyoung.com,Exclusive Webinar Invitation,24-12-2024,1,1,0,0,Save More with These Tax Tips,
meganvaldez@evanshowellandyoung.com,Portfolio Optimization Techniques,14-12-2024,1,1,0,0,Save More with These Tax Tips,
meganvaldez@evanshowellandyoung.com,Exclusive Webinar Invitation,14-12-2024,1,1,0,0,Boost Your Portfolio Performance,
meganvaldez@evanshowellandyoung.com,Tax Saving Tips for Investors,27-12-2024,1,1,0,0,Don't Miss: Year-End Strategies for Growth,
omunoz@curtisltd.com,Market Outlook for 2025,31-12-2024,1,1,0,0,What's Next in the Market?,
omunoz@curtisltd.com,Year-End Investment Strategies,24-12-2024,1,1,1,0,Save More with These Tax Tips,
omunoz@curtisltd.com,Portfolio Optimization Techniques,31-12-2024,1,1,0,0,Boost Your Portfolio Performance,
omunoz@curtisltd.com,Market Outlook for 2025,23-12-2024,1,1,0,0,Boost Your Portfolio Performance,
omunoz@curtisltd.com,Market Outlook for 2025,15-12-2024,1,1,0,0,What's Next in the Market?,
omunoz@curtisltd.com,Market Outlook for 2025,23-12-2024,1,1,0,0,Don't Miss: Year-End Strategies for Growth,
omunoz@curtisltd.com,Market Outlook for 2025,03-12-2024,1,1,1,0,What's Next in the Market?,
omunoz@curtisltd.com,Market Outlook for 2025,20-12-2024,1,1,0,0,Don't Miss: Year-End Strategies for Growth,
omunoz@curtisltd.com,Market Outlook for 2025,07-12-2024,1,1,0,0,What's Next in the Market?,
omunoz@curtisltd.com,Market Outlook for 2025,01-12-2024,1,1,1,0,Boost Your Portfolio Performance,
omunoz@curtisltd.com,Year-End Investment Strategies,16-12-2024,1,1,0,0,Save More with These Tax Tips,
rebecca81@mayplc.com,Exclusive Webinar Invitation,05-12-2024,1,1,0,0,Boost Your Portfolio Performance,
rebecca81@mayplc.com,Tax Saving Tips for Investors,11-12-2024,1,1,0,0,What's Next in the Market?,
rebecca81@mayplc.com,Market Outlook for 2025,28-12-2024,1,1,0,0,Join Us for an Exclusive Webinar,
rebecca81@mayplc.com,Portfolio Optimization Techniques,16-12-2024,1,1,0,0,Don't Miss: Year-End Strategies for Growth,
rebecca81@mayplc.com,Tax Saving Tips for Investors,01-12-2024,1,1,0,0,Save More with These Tax Tips,
rebecca81@mayplc.com,Exclusive Webinar Invitation,28-12-2024,1,1,0,0,Join Us for an Exclusive Webinar,
rebecca81@mayplc.com,Market Outlook for 2025,04-12-2024,1,1,0,0,Boost Your Portfolio Performance,
rebecca81@mayplc.com,Tax Saving Tips for Investors,25-12-2024,1,1,0,0,Save More with These Tax Tips,
rebecca81@mayplc.com,Tax Saving Tips for Investors,19-12-2024,1,1,0,0,Boost Your Portfolio Performance,
rhurst@larsongroup.com,Exclusive Webinar Invitation,03-12-2024,1,1,0,0,What's Next in the Market?,
rhurst@larsongroup.com,Portfolio Optimization Techniques,23-12-2024,1,1,0,0,Join Us for an Exclusive Webinar,
rhurst@larsongroup.com,Portfolio Optimization Techniques,11-12-2024,1,1,1,0,Boost Your Portfolio Performance,
rogersjennifer@bakerplc.com,Portfolio Optimization Techniques,18-12-2024,1,1,0,0,Save More with These Tax Tips,
rogersjennifer@bakerplc.com,Year-End Investment Strategies,21-12-2024,1,1,0,0,Join Us for an Exclusive Webinar,
rogersjennifer@bakerplc.com,Tax Saving Tips for Investors,12-12-2024,1,1,0,0,Don't Miss: Year-End Strategies for Growth,
rogersjennifer@bakerplc.com,Portfolio Optimization Techniques,05-12-2024,1,1,0,0,Save More with These Tax Tips,
russelllinda@carlsonallenandjackson.com,Portfolio Optimization Techniques,20-12-2024,1,1,0,0,Boost Your Portfolio Performance,
russelllinda@carlsonallenandjackson.com,Portfolio Optimization Techniques,27-12-2024,1,1,0,0,Join Us for an Exclusive Webinar,
russelllinda@carlsonallenandjackson.com,Exclusive Webinar Invitation,01-12-2024,1,1,1,0,Boost Your Portfolio Performance,
russelllinda@carlsonallenandjackson.com,Tax Saving Tips for Investors,13-12-2024,1,1,1,0,Don't Miss: Year-End Strategies for Growth,
russelllinda@carlsonallenandjackson.com,Year-End Investment Strategies,05-12-2024,1,1,1,0,Boost Your Portfolio Performance,
russelllinda@carlsonallenandjackson.com,Year-End Investment Strategies,10-12-2024,1,1,0,0,Save More with These Tax Tips,
russelllinda@carlsonallenandjackson.com,Portfolio Optimization Techniques,25-12-2024,1,1,0,0,Boost Your Portfolio Performance,
russelllinda@carlsonallenandjackson.com,Exclusive Webinar Invitation,28-12-2024,1,1,0,0,Save More with These Tax Tips,
russelllinda@carlsonallenandjackson.com,Year-End Investment Strategies,11-12-2024,1,1,1,0,What's Next in the Market?,
russelllinda@carlsonallenandjackson.com,Year-End Investment Strategies,21-12-2024,1,1,0,0,Don't Miss: Year-End Strategies for Growth,
russelllinda@carlsonallenandjackson.com,Exclusive Webinar Invitation,09-12-2024,1,1,0,0,Save More with These Tax Tips,
russelllinda@carlsonallenandjackson.com,Portfolio Optimization Techniques,19-12-2024,1,1,0,0,What's Next in the Market?,
sandy78@millerdiazandcontreras.com,Tax Saving Tips for Investors,16-12-2024,1,1,1,0,Boost Your Portfolio Performance,
sandy78@millerdiazandcontreras.com,Year-End Investment Strategies,12-12-2024,1,1,0,0,Join Us for an Exclusive Webinar,
sandy78@millerdiazandcontreras.com,Portfolio Optimization Techniques,31-12-2024,1,1,1,0,Join Us for an Exclusive Webinar,
sandy78@millerdiazandcontreras.com,Year-End Investment Strategies,29-12-2024,1,1,1,0,What's Next in the Market?,
sandy78@millerdiazandcontreras.com,Market Outlook for 2025,06-12-2024,1,1,0,0,What's Next in the Market?,
sandy78@millerdiazandcontreras.com,Tax Saving Tips for Investors,23-12-2024,1,1,0,0,Save More with These Tax Tips,
sandy78@millerdiazandcontreras.com,Exclusive Webinar Invitation,29-12-2024,1,1,0,0,Join Us for an Exclusive Webinar,
sandy78@millerdiazandcontreras.com,Portfolio Optimization Techniques,07-12-2024,1,1,0,0,Boost Your Portfolio Performance,
sandy78@millerdiazandcontreras.com,Exclusive Webinar Invitation,03-12-2024,1,1,0,0,Save More with These Tax Tips,
scarr@sullivankhanandjacobs.com,Exclusive Webinar Invitation,13-12-2024,1,1,0,0,Don't Miss: Year-End Strategies for Growth,
scarr@sullivankhanandjacobs.com,Tax Saving Tips for Investors,21-12-2024,1,1,0,0,What's Next in the Market?,
scarr@sullivankhanandjacobs.com,Market Outlook for 2025,10-12-2024,1,1,0,0,Save More with These Tax Tips,
scarr@sullivankhanandjacobs.com,Exclusive Webinar Invitation,25-12-2024,1,1,0,0,What's Next in the Market?,
scarr@sullivankhanandjacobs.com,Portfolio Optimization Techniques,09-12-2024,1,1,0,0,Join Us for an Exclusive Webinar,
scarr@sullivankhanandjacobs.com,Market Outlook for 2025,05-12-2024,1,1,1,0,Save More with These Tax Tips,
shannon61@becker-phillips.com,Exclusive Webinar Invitation,29-12-2024,1,1,0,0,Don't Miss: Year-End Strategies for Growth,
shannon61@becker-phillips.com,Year-End Investment Strategies,28-12-2024,1,1,0,0,Join Us for an Exclusive Webinar,
shannon61@becker-phillips.com,Tax Saving Tips for Investors,07-12-2024,1,1,0,0,Boost Your Portfolio Performance,
stewartamanda@bullockburnsandstevens.com,Tax Saving Tips for Investors,01-12-2024,1,1,0,0,Boost Your Portfolio Performance,
stewartamanda@bullockburnsandstevens.com,Year-End Investment Strategies,20-12-2024,1,1,1,0,What's Next in the Market?,
stewartamanda@bullockburnsandstevens.com,Exclusive Webinar Invitation,16-12-2024,1,1,0,0,What's Next in the Market?,
tinaterry@shawbaileyandsmith.com,Portfolio Optimization Techniques,10-12-2024,1,1,0,0,Save More with These Tax Tips,
tinaterry@shawbaileyandsmith.com,Year-End Investment Strategies,14-12-2024,1,1,0,0,Join Us for an Exclusive Webinar,
travis03@johnson-sosa.com,Exclusive Webinar Invitation,14-12-2024,1,1,1,0,What's Next in the Market?,
travis03@johnson-sosa.com,Exclusive Webinar Invitation,24-12-2024,1,1,0,0,Boost Your Portfolio Performance,
travis03@johnson-sosa.com,Portfolio Optimization Techniques,25-12-2024,1,1,0,0,Save More with These Tax Tips,
travis03@johnson-sosa.com,Portfolio Optimization Techniques,10-12-2024,1,1,0,0,Don't Miss: Year-End Strategies for Growth,
travis03@johnson-sosa.com,Market Outlook for 2025,05-12-2024,1,1,1,0,Boost Your Portfolio Performance,
travis03@johnson-sosa.com,Portfolio Optimization Techniques,17-12-2024,1,1,0,0,What's Next in the Market?,
travis03@johnson-sosa.com,Year-End Investment Strategies,04-12-2024,1,1,1,0,Boost Your Portfolio Performance,
travis03@johnson-sosa.com,Tax Saving Tips for Investors,16-12-2024,1,1,1,0,Save More with These Tax Tips,
travis03@johnson-sosa.com,Tax Saving Tips for Investors,27-12-2024,1,1,0,0,Boost Your Portfolio Performance,
vgordon@bennett-sullivan.com,Exclusive Webinar Invitation,09-12-2024,1,1,0,0,What's Next in the Market?,
vgordon@bennett-sullivan.com,Year-End Investment Strategies,14-12-2024,1,1,0,0,Join Us for an Exclusive Webinar,
vgordon@bennett-sullivan.com,Year-End Investment Strategies,06-12-2024,1,1,1,0,What's Next in the Market?,
walter26@farrellericksonandfrost.com,Understanding Investment Risk,06-12-2024,1,1,0,0,Investment Risk: How to Manage It Effectively,
wdelacruz@hillandsons.com,Year-End Investment Strategies,18-12-2024,1,1,1,0,Boost Your Portfolio Performance,
wdelacruz@hillandsons.com,Exclusive Webinar Invitation,16-12-2024,1,1,0,0,Join Us for an Exclusive Webinar,
wdelacruz@hillandsons.com,Market Outlook for 2025,10-12-2024,1,1,0,0,Don't Miss: Year-End Strategies for Growth,
wdelacruz@hillandsons.com,Portfolio Optimization Techniques,20-12-2024,1,1,0,0,Save More with These Tax Tips,
wdelacruz@hillandsons.com,Tax Saving Tips for Investors,03-12-2024,1,1,0,0,Join Us for an Exclusive Webinar,
wdelacruz@hillandsons.com,Tax Saving Tips for Investors,04-12-2024,1,1,0,0,Join Us for an Exclusive Webinar,
wdelacruz@hillandsons.com,Tax Saving Tips for Investors,18-12-2024,1,1,0,0,Save More with These Tax Tips,
wdelacruz@hillandsons.com,Market Outlook for 2025,19-12-2024,1,1,0,0,What's Next in the Market?,
wdelacruz@hillandsons.com,Exclusive Webinar Invitation,07-12-2024,1,1,0,0,Boost Your Portfolio Performance,
wdelacruz@hillandsons.com,Tax Saving Tips for Investors,26-12-2024,1,1,0,0,What's Next in the Market?,
wdelacruz@hillandsons.com,Portfolio Optimization Techniques,30-12-2024,1,1,0,0,Save More with These Tax Tips,
claudia.george@montgomery-zimmerman.com,ESG ETF,04-07-2024,1,1,1,0,Explore Sustainable Investment Opportunities with ESG ETFs,
claudia.george@montgomery-zimmerman.com,Thought Leadership,11-07-2024,1,1,0,0,Insights on Future Investment Trends,
claudia.george@montgomery-zimmerman.com,Tax Saving,12-07-2024,1,1,0,0,Maximize Your Tax Benefits with Smart Investments,
claudia.george@montgomery-zimmerman.com,Tax Saving,17-07-2024,1,1,0,0,Maximize Your Tax Benefits with Smart Investments,
xjones@martinezplc.com,Market Outlook for 2025,20-12-2024,1,1,0,0,Boost Your Portfolio Performance,
xjones@martinezplc.com,Year-End Investment Strategies,11-12-2024,1,1,0,0,Join Us for an Exclusive Webinar,
xjones@martinezplc.com,Year-End Investment Strategies,26-12-2024,1,1,0,0,Save More with These Tax Tips,
xjones@martinezplc.com,Portfolio Optimization Techniques,10-12-2024,1,1,1,0,What's Next in the Market?,
xjones@martinezplc.com,Portfolio Optimization Techniques,25-12-2024,1,1,1,0,Save More with These Tax Tips,
xjones@martinezplc.com,Year-End Investment Strategies,27-12-2024,1,1,0,0,Save More with These Tax Tips,
claudia.george@montgomery-zimmerman.com,Fixed Income Market Update,24-07-2024,2,2,1,0,Optimize Your Portfolio for Long-Term Growth,
claudia.george@montgomery-zimmerman.com,Relationship Building,28-07-2024,1,1,0,0,Building Stronger Partnerships with You,
claudia.george@montgomery-zimmerman.com,Relationship Building,30-07-2024,1,1,0,0,Building Stronger Partnerships with You,
claudia.george@montgomery-zimmerman.com,Relationship Building,04-08-2024,1,1,1,0,Building Stronger Partnerships with You,
claudia.george@montgomery-zimmerman.com,Thought Leadership,07-08-2024,1,1,1,0,Insights on Future Investment Trends,
claudia.george@montgomery-zimmerman.com,Secular Outlook,16-08-2024,1,1,1,0,Navigating Long-Term Market Dynamics,
claudia.george@montgomery-zimmerman.com,Relationship Building,18-08-2024,1,1,1,0,Building Stronger Partnerships with You,
claudia.george@montgomery-zimmerman.com,Secular Outlook,18-08-2024,1,1,1,0,Navigating Long-Term Market Dynamics,
claudia.george@montgomery-zimmerman.com,ESG ETF,24-08-2024,1,1,1,0,Explore Sustainable Investment Opportunities with ESG ETFs,
claudia.george@montgomery-zimmerman.com,Relationship Building,26-08-2024,1,1,0,0,Building Stronger Partnerships with You,
claudia.george@montgomery-zimmerman.com,The Future of ESG Investing,03-09-2024,3,3,3,0,ESG Investing: The Future of Sustainable Finance,
claudia.george@montgomery-zimmerman.com,ESG ETF,05-09-2024,1,1,0,0,Explore Sustainable Investment Opportunities with ESG ETFs,
claudia.george@montgomery-zimmerman.com,Relationship Building,14-09-2024,1,1,1,0,Building Stronger Partnerships with You,
claudia.george@montgomery-zimmerman.com,Tax Saving,14-09-2024,1,1,0,0,Maximize Your Tax Benefits with Smart Investments,
claudia.george@montgomery-zimmerman.com,Sector Rotation Strategies,18-09-2024,8,2,2,0,Sector Rotation: Identifying Market Opportunities,
claudia.george@montgomery-zimmerman.com,Secular Outlook,21-09-2024,1,1,0,0,Navigating Long-Term Market Dynamics,
claudia.george@montgomery-zimmerman.com,ESG ETF,22-09-2024,1,1,1,0,Explore Sustainable Investment Opportunities with ESG ETFs,
claudia.george@montgomery-zimmerman.com,Secular Outlook,26-09-2024,1,1,1,0,Navigating Long-Term Market Dynamics,
claudia.george@montgomery-zimmerman.com,Thought Leadership,29-09-2024,1,1,0,0,Insights on Future Investment Trends,
claudia.george@montgomery-zimmerman.com,Tax Saving,05-10-2024,1,1,1,0,Maximize Your Tax Benefits with Smart Investments,
claudia.george@montgomery-zimmerman.com,Thought Leadership,11-10-2024,1,1,0,0,Insights on Future Investment Trends,
claudia.george@montgomery-zimmerman.com,ESG ETF,14-10-2024,1,1,0,0,Explore Sustainable Investment Opportunities with ESG ETFs,
claudia.george@montgomery-zimmerman.com,ESG ETF,30-10-2024,1,1,0,0,Explore Sustainable Investment Opportunities with ESG ETFs,
claudia.george@montgomery-zimmerman.com,Behavioral Finance Insights,06-11-2024,9,5,5,0,Behavioral Finance: Understanding Investor Psychology,
claudia.george@montgomery-zimmerman.com,Thought Leadership,14-11-2024,1,1,1,0,Insights on Future Investment Trends,
claudia.george@montgomery-zimmerman.com,Thought Leadership,15-11-2024,1,1,1,0,Insights on Future Investment Trends,
claudia.george@montgomery-zimmerman.com,ESG ETF,17-11-2024,1,1,1,0,Explore Sustainable Investment Opportunities with ESG ETFs,
claudia.george@montgomery-zimmerman.com,Secular Outlook,18-11-2024,1,1,1,0,Navigating Long-Term Market Dynamics,
claudia.george@montgomery-zimmerman.com,Event Mail,20-11-2024,1,1,1,0,Join Our Exclusive Investment Webinar,
claudia.george@montgomery-zimmerman.com,Market Commentary,28-11-2024,1,1,1,0,Latest Market Update: What You Need to Know,
claudia.george@montgomery-zimmerman.com,Relationship Building,02-12-2024,1,1,1,0,Building Stronger Partnerships with You,
claudia.george@montgomery-zimmerman.com,Market Commentary,02-12-2024,1,1,0,0,Latest Market Update: What You Need to Know,
claudia.george@montgomery-zimmerman.com,Secular Outlook,04-12-2024,1,1,0,0,Navigating Long-Term Market Dynamics,
claudia.george@montgomery-zimmerman.com,Secular Outlook,05-12-2024,1,1,1,0,Navigating Long-Term Market Dynamics,
claudia.george@montgomery-zimmerman.com,Year-End Investment Strategies,10-12-2024,1,1,1,0,Don't Miss: Year-End Strategies for Growth,
claudia.george@montgomery-zimmerman.com,Event Mail,13-12-2024,1,1,1,0,Join Our Exclusive Investment Webinar,
joseph.duran@larsonandsons.com,Secular Outlook,23-12-2024,1,1,0,0,Navigating Long-Term Market Dynamics,
joseph.duran@larsonandsons.com,Event Mail,22-12-2024,1,1,0,0,Join Our Exclusive Investment Webinar,
joseph.duran@larsonandsons.com,Market Commentary,21-12-2024,1,1,0,0,Latest Market Update: What You Need to Know,
joseph.duran@larsonandsons.com,Secular Outlook,19-12-2024,1,1,0,0,Navigating Long-Term Market Dynamics,
joseph.duran@larsonandsons.com,Relationship Building,16-12-2024,1,1,1,0,Building Stronger Partnerships with You,
joseph.duran@larsonandsons.com,ESG ETF,15-12-2024,1,1,0,0,Explore Sustainable Investment Opportunities with ESG ETFs,
joseph.duran@larsonandsons.com,Tax Saving,09-12-2024,1,1,0,0,Maximize Your Tax Benefits with Smart Investments,
joseph.duran@larsonandsons.com,Thought Leadership,02-12-2024,1,1,1,0,Insights on Future Investment Trends,
joseph.duran@larsonandsons.com,Tax Saving,01-12-2024,1,1,0,0,Maximize Your Tax Benefits with Smart Investments,
joseph.duran@larsonandsons.com,ESG ETF,22-11-2024,1,1,0,0,Explore Sustainable Investment Opportunities with ESG ETFs,
joseph.duran@larsonandsons.com,Thought Leadership,20-11-2024,1,1,0,0,Insights on Future Investment Trends,
joseph.duran@larsonandsons.com,Tax Saving,07-11-2024,1,1,0,0,Maximize Your Tax Benefits with Smart Investments,
joseph.duran@larsonandsons.com,Relationship Building,04-11-2024,1,1,1,0,Building Stronger Partnerships with You,
joseph.duran@larsonandsons.com,Market Commentary,14-10-2024,1,1,0,0,Latest Market Update: What You Need to Know,
joseph.duran@larsonandsons.com,Relationship Building,11-10-2024,1,1,1,0,Building Stronger Partnerships with You,
joseph.duran@larsonandsons.com,Relationship Building,10-10-2024,1,1,0,0,Building Stronger Partnerships with You,
joseph.duran@larsonandsons.com,Secular Outlook,09-10-2024,1,1,1,0,Navigating Long-Term Market Dynamics,
joseph.duran@larsonandsons.com,Event Mail,06-10-2024,1,1,0,0,Join Our Exclusive Investment Webinar,
joseph.duran@larsonandsons.com,Secular Outlook,21-09-2024,1,1,1,0,Navigating Long-Term Market Dynamics,
joseph.duran@larsonandsons.com,ESG ETF,21-09-2024,1,1,0,0,Explore Sustainable Investment Opportunities with ESG ETFs,
joseph.duran@larsonandsons.com,Event Mail,19-09-2024,1,1,0,0,Join Our Exclusive Investment Webinar,
joseph.duran@larsonandsons.com,Secular Outlook,15-09-2024,1,1,0,0,Navigating Long-Term Market Dynamics,
joseph.duran@larsonandsons.com,ESG ETF,11-09-2024,1,1,0,0,Explore Sustainable Investment Opportunities with ESG ETFs,
joseph.duran@larsonandsons.com,Market Commentary,26-08-2024,1,1,0,0,Latest Market Update: What You Need to Know,
joseph.duran@larsonandsons.com,Relationship Building,22-08-2024,1,1,0,0,Building Stronger Partnerships with You,
joseph.duran@larsonandsons.com,Relationship Building,15-08-2024,1,1,1,0,Building Stronger Partnerships with You,
joseph.duran@larsonandsons.com,Secular Outlook,03-08-2024,1,1,0,0,Navigating Long-Term Market Dynamics,
joseph.duran@larsonandsons.com,Event Mail,01-08-2024,1,1,1,0,Join Our Exclusive Investment Webinar,
joseph.duran@larsonandsons.com,Market Commentary,31-07-2024,1,1,0,0,Latest Market Update: What You Need to Know,
joseph.duran@larsonandsons.com,Relationship Building,27-07-2024,1,1,0,0,Building Stronger Partnerships with You,
joseph.duran@larsonandsons.com,Relationship Building,10-07-2024,1,1,1,0,Building Stronger Partnerships with You,
joseph.duran@larsonandsons.com,ESG ETF,09-07-2024,1,1,1,0,Explore Sustainable Investment Opportunities with ESG ETFs,
joseph.duran@larsonandsons.com,Relationship Building,08-07-2024,1,1,0,0,Building Stronger Partnerships with You,
joseph.duran@larsonandsons.com,Relationship Building,05-07-2024,1,1,0,0,Building Stronger Partnerships with You,
joseph.duran@larsonandsons.com,Market Commentary,27-06-2024,1,1,0,0,Latest Market Update: What You Need to Know,
joseph.duran@larsonandsons.com,Market Commentary,25-06-2024,1,1,0,0,Latest Market Update: What You Need to Know,
claudia.george@montgomery-zimmerman.com,Tax Saving,14-12-2024,1,1,0,0,Maximize Your Tax Benefits with Smart Investments,
claudia.george@montgomery-zimmerman.com,Market Outlook for 2025,16-12-2024,1,1,0,0,Don't Miss: Year-End Strategies for Growth,
claudia.george@montgomery-zimmerman.com,Tax Saving,17-12-2024,1,1,0,0,Maximize Your Tax Benefits with Smart Investments,
claudia.george@montgomery-zimmerman.com,Tax Saving,24-12-2024,1,1,1,0,Maximize Your Tax Benefits with Smart Investments,
claudia.george@montgomery-zimmerman.com,Event Mail,25-12-2024,1,1,0,0,Join Our Exclusive Investment Webinar,
claudia.george@montgomery-zimmerman.com,Secular Outlook,28-12-2024,1,1,1,0,Navigating Long-Term Market Dynamics,
claudia.george@montgomery-zimmerman.com,Exclusive Webinar Invitation,30-12-2024,1,1,0,0,Save More with These Tax Tips,
joseph.duran@larsonandsons.com,Thought Leadership,19-06-2024,1,1,1,0,Insights on Future Investment Trends,
joseph.duran@larsonandsons.com,Secular Outlook,13-06-2024,1,1,0,0,Navigating Long-Term Market Dynamics,
joseph.duran@larsonandsons.com,Thought Leadership,07-06-2024,1,1,1,0,Insights on Future Investment Trends,
joseph.duran@larsonandsons.com,Market Commentary,05-06-2024,1,1,0,0,Latest Market Update: What You Need to Know,
claudia.george@montgomery-zimmerman.com,Innovation in Investment Management,03-01-2025,1,1,1,0,Innovation in Investment: New Strategies for Growth,
jonesmelissa@martinez-mcmahon.com,Understanding Investment Performance,31-12-2024,2,2,1,1,Market Cycles: Navigating the Ups and Downs,
