Webcast Name,Webcast Date,Speaker,Topic,Product,Attendee,Invitee,Registrant,Session Duration,Email Address
Managed clear-thinking customer loyalty,2025-01-03,Danielle Johnson,transform plug-and-play applications,Global Equity Fund,1,1,1,108,billymartin@yahoo.com
Business-focused 4thgeneration knowledge user,2025-01-02,Karen Morrison,re-intermediate wireless communities,Real Estate Fund,1,1,1,60,lisa22@murphy.info
Public-key static standardization,2025-01-01,Jasmine Camacho DDS,architect scalable vortals,ESG,1,1,1,72,williejohnson@montgomery-zimmerman.com
Phased national algorithm,2025-01-01,Amanda Mcgee,enhance innovative technologies,ETF,1,1,1,107,ecain@gmail.com
Reduced didactic core,2025-01-01,Kevin Cunningham,incentivize integrated ROI,ETF,0,1,1,92,ibrown@coffey.net
Quality-focused human-resource hub,2024-12-29,Jennifer Dunn,streamline holistic applications,Global Equity Fund,1,1,1,88,john92@brown-miller.info
Self-enabling tertiary workforce,2024-12-12,Brittney Romero,innovate compelling content,ETF,1,1,1,112,jessicacarter@garcia-johnson.org
Cross-group contextually-based product,2024-12-10,Sharon Cuevas,utilize B2B bandwidth,Global Equity Fund,1,1,1,57,lydia34@gross-pierce.com
Multi-layered solution-oriented archive,2024-12-07,Carlos Williamson,integrate user-centric action-items,Global Equity Fund,1,1,1,37,kimkristine@gmail.com
Customer-focused reciprocal migration,2024-12-06,William Martinez,evolve killer infrastructures,ETF,1,1,1,105,thardin@gmail.com
Quality-focused next generation monitoring,2024-11-29,Elizabeth Anderson,synthesize robust channels,ETF,1,1,1,50,sburnett@larsonandsons.com
Optional hybrid data-warehouse,2024-11-25,Daniel Reynolds,extend real-time deliverables,ESG,0,1,1,74,foxanthony@yahoo.com
Face-to-face full-range data-warehouse,2024-11-23,Ian Jones II,incubate vertical vortals,Real Estate Fund,1,1,1,77,michaelperkins@bernard-white.com
Centralized non-volatile policy,2024-11-18,Amanda Anderson,iterate frictionless interfaces,Real Estate Fund,1,1,1,40,srussell@rivera.com
Enhanced contextually-based moratorium,2024-11-02,Crystal Sparks,target back-end architectures,Global Equity Fund,0,1,1,38,walshlisa@lambert.biz
Cross-platform discrete standardization,2024-10-30,Kevin Humphrey,repurpose value-added web-readiness,ESG,1,1,1,101,ngarcia@lynch.com
Programmable systematic product,2024-10-28,Patricia Hancock,exploit robust experiences,Global Equity Fund,0,1,1,31,vincenthicks@yahoo.com
Open-source human-resource secured line,2024-10-14,Christian Hughes,strategize efficient channels,Fixed Income,1,1,1,92,ryan18@yahoo.com
Reactive maximized neural-net,2024-10-12,John Lowe,facilitate end-to-end e-tailers,Real Estate Fund,1,1,1,85,dpadilla@yahoo.com
Automated high-level superstructure,2024-10-07,Lori Peters,leverage leading-edge technologies,ETF,0,1,1,43,zmendez@gmail.com
Up-sized next generation throughput,2024-10-05,Allison Long,synergize dynamic markets,ETF,1,1,1,52,michaelharris@hotmail.com
De-engineered 6thgeneration knowledge user,2024-10-04,Jennifer Powers,exploit e-business infrastructures,Real Estate Fund,1,1,1,58,lnelson@gmail.com
Phased disintermediate structure,2024-10-03,Jacob Stewart,harness ubiquitous methodologies,ESG,1,1,1,44,josephsophia@harvey.com
Fundamental system-worthy emulation,2024-09-29,James Lee,incentivize cross-platform markets,Fixed Income,0,1,1,104,wrightdaniel@lin.biz
Multi-channeled fresh-thinking methodology,2024-09-25,Sean Sanchez,integrate viral mindshare,Fixed Income,1,1,1,78,cynthiacampos@johnson-evans.org
Grass-roots bandwidth-monitored paradigm,2024-09-18,Brian Barnett,matrix plug-and-play experiences,ETF,0,1,1,115,elizabethgreen@jennings-ward.com
Virtual bifurcated definition,2024-09-16,Amber Baldwin,transition turn-key action-items,ESG,1,1,1,35,thouse@pittman-griffin.com
Stand-alone tertiary methodology,2024-09-15,Scott Jones,exploit integrated users,Fixed Income,1,1,1,54,amy07@hernandez-allen.net
Multi-channeled system-worthy neural-net,2024-09-09,Barbara Richard,transform world-class web services,Global Equity Fund,0,1,1,70,harrismegan@yahoo.com
Customizable systemic pricing structure,2024-09-07,Kristen Rodriguez,synthesize bricks-and-clicks partnerships,ETF,1,1,1,94,simonelizabeth@thompson.com
Virtual client-server knowledge user,2024-09-03,Jenna Williams,generate synergistic portals,ETF,1,1,1,89,lbrown@hotmail.com
Focused fault-tolerant ability,2024-08-25,Sierra Edwards,deploy best-of-breed platforms,ETF,0,1,1,70,erinlewis@gmail.com
Multi-layered scalable circuit,2024-08-25,Christopher Edwards,deliver back-end e-tailers,Fixed Income,1,1,1,91,maldonadomichael@ingram.biz
Versatile empowering project,2024-08-23,Mary Li,expedite magnetic models,ETF,1,1,1,54,avilacynthia@hotmail.com
Innovative multi-state open system,2024-08-22,Brian Mcclain,drive revolutionary info-mediaries,ETF,1,1,1,82,pjackson@yahoo.com
Fully-configurable 4thgeneration monitoring,2024-08-18,Donna Harvey,monetize efficient methodologies,ETF,1,1,1,98,lroberts@yahoo.com
Balanced analyzing firmware,2024-08-09,Thomas Carpenter,strategize visionary schemas,Real Estate Fund,0,1,1,43,gibsonjeffrey@hotmail.com
Exclusive interactive protocol,2024-08-06,Kyle Wise,morph sticky e-services,Fixed Income,1,1,1,55,kingdavid@yahoo.com
Reactive optimal emulation,2024-07-24,Paul Franco,unleash granular users,Fixed Income,0,1,1,71,garciachristopher@gmail.com
Optimized systemic flexibility,2024-07-17,Alison Johnson,transition collaborative technologies,Real Estate Fund,1,1,1,114,dellis@hotmail.com
Horizontal 5thgeneration archive,2024-07-16,Lauren Bonilla,orchestrate turn-key action-items,Global Equity Fund,0,1,1,36,hmartin@gmail.com
Programmable systematic installation,2024-07-09,Christopher Harrison,enhance global applications,ESG,0,1,1,102,fordmichael@gmail.com
Advanced coherent attitude,2024-07-06,Robert Richardson,scale intuitive web-readiness,ETF,1,1,1,79,megan50@boyd.com
Automated intangible Internet solution,2024-07-03,Ashley Carter,redefine mission-critical niches,Fixed Income,1,1,1,35,carolinelee@gmail.com
Triple-buffered heuristic portal,2024-06-27,Sarah Gonzalez,enable interactive functionalities,ETF,1,1,1,54,pamelawinters@norton-davis.net
Reactive encompassing function,2024-06-17,Nathaniel Moreno,deliver ubiquitous functionalities,ESG,1,1,1,111,sarah69@anthony-harris.com
Robust impactful middleware,2024-06-15,Joshua Hanson,expedite one-to-one synergies,ETF,0,1,1,119,emily31@gmail.com
Enterprise-wide explicit Internet solution,2024-06-15,James Hood,benchmark B2B markets,Global Equity Fund,0,1,1,85,hollyoliver@gmail.com
Balanced holistic product,2024-06-08,Vanessa Johnson,synthesize seamless action-items,Fixed Income,1,1,1,88,tonyarogers@farley.info
Stand-alone incremental functionalities,2024-06-01,Dylan Scott,aggregate global applications,Real Estate Fund,0,1,1,92,wilkinsonchristopher@parker.com
Webcast_0,2024-11-07,Speaker B,Investment Strategies,Real Estate Growth Fund,0,0,0,99.9,feliciakennedy@simon-morales.com
Webcast_1,2024-09-06,Speaker C,Investment Strategies,Global Equity Fund,0,1,0,66.3,cheryl98@davisinc.com
Webcast_2,2024-08-01,Speaker C,Investment Strategies,Fixed Income Opportunity Fund,1,1,0,47.9,
Webcast_3,2024-12-28,Speaker C,Portfolio Management,Global Equity Fund,0,1,1,102.9,richardprice@jonesandsons.com
Webcast_4,2024-08-28,Speaker B,Market Trends,Dynamic Income ETF,1,0,0,62.5,russelllinda@carlsonallenandjackson.com
Webcast_5,2024-07-08,Speaker B,Market Trends,Global ESG Fund,0,1,0,118.8,dconner@graves-chapman.com
Webcast_6,2024-07-02,Speaker B,Portfolio Management,Fixed Income Opportunity Fund,0,0,0,102.8,joneskaren@rodriguezltd.com
Webcast_7,2024-12-08,Speaker B,Market Trends,Dynamic Income ETF,0,0,0,109.9,fbrown@keith-sims.com
Webcast_8,2024-06-29,Speaker C,Investment Strategies,Dynamic Income ETF,0,1,1,92.8,qwall@hanna-sloan.com
Webcast_9,2024-06-01,Speaker C,Portfolio Management,Global Equity Fund,0,0,1,103.3,ysingh@morrisinc.com
Webcast_10,2024-09-24,Speaker C,Investment Strategies,Real Estate Growth Fund,1,0,1,63.1,camachodon@jackson-charles.com
Webcast_11,2024-11-09,Speaker C,Market Trends,Real Estate Growth Fund,0,1,0,115.3,amanda01@williams-austin.com
Webcast_12,2024-07-24,Speaker A,Portfolio Management,Dynamic Income ETF,1,1,1,110.4,lisamarshall@ingramgloverandroberts.com
Webcast_13,2024-12-03,Speaker A,Market Trends,Dynamic Income ETF,0,1,1,98.6,nicholsonapril@nashplc.com
Webcast_14,2024-11-07,Speaker A,Market Trends,Global ESG Fund,1,1,1,111.9,david71@harding-lee.com
Webcast_15,2024-12-28,Speaker A,Investment Strategies,Fixed Income Opportunity Fund,1,0,0,44.1,alicia78@jamesmillerandpineda.com
Webcast_16,2024-06-11,Speaker B,Portfolio Management,Fixed Income Opportunity Fund,0,1,1,83.7,linelizabeth@richardsbrooksandmarshall.com
Webcast_17,2024-08-28,Speaker B,Market Trends,Real Estate Growth Fund,0,1,1,118.8,johnsonmisty@chamberspageandwhitaker.com
Webcast_18,2024-06-02,Speaker B,Portfolio Management,Global Equity Fund,0,1,1,83.7,bakerian@adams-wagner.com
Webcast_19,2024-08-18,Speaker C,Investment Strategies,Real Estate Growth Fund,0,0,1,86.4,kevingarcia@williamsllc.com
Webcast_20,2024-08-10,Speaker B,Market Trends,Dynamic Income ETF,0,0,1,93.1,dpineda@gonzalez-fields.com
Webcast_21,2024-12-10,Speaker C,Portfolio Management,Global ESG Fund,0,0,1,101.8,victoria57@parker-cox.com
Webcast_22,2024-10-26,Speaker A,Investment Strategies,Dynamic Income ETF,1,0,0,95.5,jennifer85@jonesgroup.com
Webcast_23,2024-11-26,Speaker C,Market Trends,Global ESG Fund,0,1,0,115.9,goconnor@long-johnson.com
Webcast_24,2024-10-21,Speaker A,Market Trends,Fixed Income Opportunity Fund,0,1,0,51.3,sandy78@millerdiazandcontreras.com
Webcast_25,2024-10-18,Speaker C,Market Trends,Fixed Income Opportunity Fund,1,0,1,88.1,mcdonaldashley@rayltd.com
Webcast_26,2024-07-26,Speaker C,Market Trends,Global ESG Fund,0,0,0,35.9,sburnett@larsonandsons.com
Webcast_27,2024-10-03,Speaker B,Investment Strategies,Global Equity Fund,1,1,0,92.6,campbellpeggy@robinsonandsons.com
Webcast_28,2024-07-11,Speaker C,Portfolio Management,Global ESG Fund,0,1,0,97.1,ebonybentley@adamsplc.com
Webcast_29,2024-10-19,Speaker C,Portfolio Management,Global Equity Fund,0,1,1,67.7,cameronthomas@richmondowensandromero.com
Webcast_30,2024-09-21,Speaker C,Portfolio Management,Global ESG Fund,0,0,1,116.2,feliciakennedy@simon-morales.com
Webcast_31,2024-07-10,Speaker B,Market Trends,Dynamic Income ETF,1,0,1,42,julie27@taylor-erickson.com
Webcast_32,2024-07-29,Speaker C,Investment Strategies,Dynamic Income ETF,0,0,1,102.4,dconner@graves-chapman.com
Webcast_33,2024-07-11,Speaker B,Market Trends,Real Estate Growth Fund,0,0,1,45.1,nrose@gordonwintersandgomez.com
Webcast_34,2024-11-13,Speaker C,Portfolio Management,Dynamic Income ETF,0,0,0,61.6,caseydavid@martinllc.com
Webcast_35,2024-06-18,Speaker C,Market Trends,Global ESG Fund,1,0,0,100.7,fvega@williams-fleming.com
Webcast_36,2024-08-06,Speaker A,Investment Strategies,Fixed Income Opportunity Fund,0,0,1,113.8,elizabethshaffer@warrengroup.com
Webcast_37,2024-09-15,Speaker C,Portfolio Management,Dynamic Income ETF,1,1,0,71.8,shannon61@becker-phillips.com
Webcast_38,2024-11-11,Speaker C,Market Trends,Global ESG Fund,0,1,0,57.9,wilkersongregory@smithsmithandgriffin.com
Webcast_39,2024-11-12,Speaker B,Market Trends,Global ESG Fund,1,0,1,41.3,jonesmelissa@martinez-mcmahon.com
Webcast_40,2024-08-04,Speaker B,Market Trends,Real Estate Growth Fund,0,1,0,98.6,jonesmelissa@martinez-mcmahon.com
Webcast_41,2024-06-14,Speaker A,Investment Strategies,Fixed Income Opportunity Fund,1,1,1,112,iross@schneiderinc.com
Webcast_42,2024-09-29,Speaker B,Investment Strategies,Real Estate Growth Fund,0,1,0,86.2,penningtontristan@nguyenclarkandwilliams.com
Webcast_43,2024-08-02,Speaker C,Investment Strategies,Global Equity Fund,1,1,0,84,jessicaelliott@fitzpatrick-smith.com
Webcast_44,2024-10-15,Speaker A,Market Trends,Fixed Income Opportunity Fund,0,0,0,50.2,eanderson@harringtonbanksandhill.com
Webcast_45,2024-07-10,Speaker B,Market Trends,Real Estate Growth Fund,0,0,1,80.2,catherinewilliams@leellc.com
Webcast_46,2024-10-20,Speaker C,Investment Strategies,Global Equity Fund,1,1,1,82.2,ykim@ingraminc.com
Webcast_47,2024-07-14,Speaker A,Investment Strategies,Global ESG Fund,1,0,1,59.8,mary27@carneyspencerandsantos.com
Webcast_48,2024-07-16,Speaker C,Portfolio Management,Dynamic Income ETF,0,1,0,50.8,nrose@gordonwintersandgomez.com
Webcast_49,2024-08-07,Speaker C,Investment Strategies,Global ESG Fund,0,0,1,80,erikathompson@hopkins-burgess.com
Webcast_50,2024-09-08,Speaker C,Market Trends,Global ESG Fund,1,1,1,39.2,colemandaniel@benjaminlyonsandsimon.com
Webcast_51,2024-12-28,Speaker A,Market Trends,Global Equity Fund,1,0,0,52,greeramy@garciahayesandbaker.com
Webcast_52,2024-06-30,Speaker B,Investment Strategies,Global ESG Fund,1,0,1,82.6,rogersjennifer@bakerplc.com
Webcast_53,2024-09-07,Speaker A,Portfolio Management,Fixed Income Opportunity Fund,1,0,0,111.7,walter26@farrellericksonandfrost.com
Webcast_54,2024-11-15,Speaker B,Market Trends,Real Estate Growth Fund,1,1,1,73.5,elizabethshaffer@warrengroup.com
Webcast_55,2024-10-02,Speaker B,Market Trends,Fixed Income Opportunity Fund,0,1,0,76.5,mccartyrichard@waltonwebsterandpatrick.com
Webcast_56,2024-10-21,Speaker B,Investment Strategies,Global Equity Fund,1,0,1,68.5,victoria57@parker-cox.com
Webcast_57,2024-11-12,Speaker C,Market Trends,Global Equity Fund,1,1,1,61.5,banderson@jordanltd.com
Webcast_58,2024-08-20,Speaker C,Portfolio Management,Fixed Income Opportunity Fund,1,1,0,117.9,diane68@woods-anderson.com
Webcast_59,2024-07-05,Speaker C,Portfolio Management,Global ESG Fund,1,1,1,88.6,
Webcast_60,2024-09-04,Speaker B,Portfolio Management,Real Estate Growth Fund,0,1,0,31.4,jennifergutierrez@anderson-clark.com
Webcast_61,2024-06-25,Speaker C,Investment Strategies,Global ESG Fund,0,0,1,33.4,shannon61@becker-phillips.com
Webcast_62,2024-08-18,Speaker C,Investment Strategies,Global Equity Fund,1,0,1,105.2,brooksjose@gonzalez-holland.com
Webcast_63,2024-06-10,Speaker C,Investment Strategies,Global ESG Fund,1,0,1,31.1,barrychapman@harrelllongandduran.com
Webcast_64,2024-11-22,Speaker B,Investment Strategies,Global ESG Fund,1,0,1,55.1,tinaterry@shawbaileyandsmith.com
Webcast_65,2024-10-26,Speaker A,Portfolio Management,Fixed Income Opportunity Fund,0,0,1,82,meganvaldez@evanshowellandyoung.com
Webcast_66,2024-09-06,Speaker B,Market Trends,Fixed Income Opportunity Fund,1,0,1,108.4,fvega@williams-fleming.com
Webcast_67,2024-09-01,Speaker A,Market Trends,Global Equity Fund,0,1,0,117.5,colemanivan@cookhowardandrandall.com
Webcast_68,2024-11-23,Speaker A,Market Trends,Global ESG Fund,0,1,0,110.7,christina22@friedmanmartinezandmeyers.com
Webcast_69,2024-09-12,Speaker C,Market Trends,Real Estate Growth Fund,0,0,0,64.8,vasquezerica@stronggonzalezandmorales.com
Webcast_70,2024-08-07,Speaker A,Investment Strategies,Global Equity Fund,0,0,0,110.3,mary27@carneyspencerandsantos.com
Webcast_71,2024-06-08,Speaker A,Portfolio Management,Global Equity Fund,1,1,1,109.2,hhatfield@hillbatesandkelly.com
Webcast_72,2024-06-28,Speaker A,Investment Strategies,Dynamic Income ETF,0,0,0,52.3,cameronthomas@richmondowensandromero.com
Webcast_73,2024-06-08,Speaker C,Market Trends,Dynamic Income ETF,1,1,0,62.8,
Webcast_74,2024-10-28,Speaker A,Market Trends,Dynamic Income ETF,1,1,1,109.3,bradcurtis@long-molina.com
Webcast_75,2024-09-15,Speaker B,Investment Strategies,Dynamic Income ETF,0,0,0,39.7,bakerjared@pena-roberts.com
Webcast_76,2024-12-19,Speaker C,Investment Strategies,Real Estate Growth Fund,1,0,1,91.9,williamshelton@gibsonwelchandtaylor.com
Webcast_77,2024-07-08,Speaker B,Market Trends,Fixed Income Opportunity Fund,0,0,0,90.5,evanslindsay@wardplc.com
Webcast_78,2024-10-21,Speaker C,Market Trends,Dynamic Income ETF,0,0,1,61.4,
Webcast_79,2024-10-29,Speaker C,Portfolio Management,Real Estate Growth Fund,0,1,1,37.3,christina05@campbellhillandparrish.com
Webcast_80,2024-07-14,Speaker A,Portfolio Management,Real Estate Growth Fund,1,0,1,61,hhatfield@hillbatesandkelly.com
Webcast_81,2024-12-10,Speaker A,Investment Strategies,Dynamic Income ETF,1,1,0,63.8,williamscarmen@fox-chen.com
Webcast_82,2024-08-10,Speaker A,Investment Strategies,Dynamic Income ETF,0,0,1,45.4,aaron93@cortez-howell.com
Webcast_83,2024-07-24,Speaker A,Portfolio Management,Global ESG Fund,1,1,1,118.2,heather68@adamsrogersandwebb.com
Webcast_84,2024-11-03,Speaker B,Market Trends,Real Estate Growth Fund,0,0,0,108,fbrown@keith-sims.com
Webcast_85,2024-12-05,Speaker A,Portfolio Management,Real Estate Growth Fund,1,1,0,64.9,ykim@ingraminc.com
Webcast_86,2024-07-10,Speaker C,Portfolio Management,Global ESG Fund,0,1,1,110.6,lauren40@jameslynnandoneill.com
Webcast_87,2024-10-21,Speaker C,Portfolio Management,Global ESG Fund,1,0,1,113.5,llarsen@rowlandhernandezandarnold.com
Webcast_88,2024-08-10,Speaker A,Portfolio Management,Real Estate Growth Fund,0,1,0,73.9,tamarahernandez@mitchellandsons.com
Webcast_89,2024-09-08,Speaker B,Investment Strategies,Global Equity Fund,1,0,1,99.1,marcusmay@deanllc.com
Webcast_90,2024-07-25,Speaker B,Investment Strategies,Global Equity Fund,0,1,0,97.1,moorekevin@walsh-pruitt.com
Webcast_91,2024-07-09,Speaker B,Investment Strategies,Global Equity Fund,0,1,0,78.7,mccartyrichard@waltonwebsterandpatrick.com
Webcast_92,2024-08-26,Speaker A,Portfolio Management,Real Estate Growth Fund,0,1,0,52.3,craig06@smith-cole.com
Webcast_93,2024-09-24,Speaker A,Portfolio Management,Global ESG Fund,1,0,0,54.4,jeffersoncathy@kimsparksandmontgomery.com
Webcast_94,2024-06-07,Speaker A,Market Trends,Global Equity Fund,0,0,1,112.2,emilyrobinson@dunnvillarrealandcastro.com
Webcast_95,2024-07-13,Speaker A,Investment Strategies,Real Estate Growth Fund,1,0,1,39.9,deanmckenzie@simpsonplc.com
Webcast_96,2024-06-26,Speaker C,Investment Strategies,Real Estate Growth Fund,0,1,0,68.7,elizabethshaffer@warrengroup.com
Webcast_97,2024-07-21,Speaker A,Investment Strategies,Dynamic Income ETF,1,0,1,59.9,michaelbriggs@rogersgroup.com
Webcast_98,2024-09-12,Speaker A,Market Trends,Global ESG Fund,0,1,1,77.3,marcusmay@deanllc.com
Webcast_99,2024-07-20,Speaker C,Market Trends,Dynamic Income ETF,1,0,0,70.2,xcarpenter@medinagreeneandthompson.com
